bin_lo,bin_hi,n,mean_forecast,observed,wilson_lo,wilson_hi,n_events,cluster_lo,cluster_hi,venue
0.2,0.3,117,0.2817094017094017,0.15384615384615385,0.09958656287229518,0.23011368412498184,6,0.0,0.625,polymarket
0.3,0.4,1773,0.36994077834179356,0.4365482233502538,0.413624520926016,0.4597462860849063,75,0.29986917718695216,0.5737057481393223,polymarket
0.4,0.5,9283,0.45539114510395345,0.4509318108370139,0.4408320374193469,0.46107217791161187,219,0.3908742365238228,0.510069905714826,polymarket
0.5,0.6,9178,0.5458682719546741,0.5496840270211375,0.539486719349169,0.5598397615196409,220,0.49087833079962573,0.6097327208556996,polymarket
0.6,0.7,1703,0.6313123899001761,0.5678214914856137,0.5441672115218698,0.5911704900591573,71,0.42495614419360805,0.7063042318970947,polymarket
0.7,0.8,117,0.7182905982905985,0.8461538461538461,0.7698863158750182,0.9004134371277048,6,0.375,1.0,polymarket
0.2,0.3,216,0.2754166666666667,0.13425925925925927,0.09513217379013622,0.1861680830059803,9,0.0,0.40701971688574295,kalshi
0.3,0.4,2463,0.36909866017052373,0.4445797807551766,0.42505654466295106,0.4642756217704317,105,0.33042564702960636,0.5640846886767952,kalshi
0.4,0.5,13937,0.4552317571930832,0.44299347061778,0.4347633715374799,0.45125498648676954,318,0.3929675258613773,0.4913433118378211,kalshi
0.5,0.6,13803,0.5458570600594074,0.5589364630877346,0.5506380968128091,0.5672020337378731,318,0.5099610710681427,0.6095118126070409,kalshi
0.6,0.7,2373,0.63220396123051,0.5486725663716814,0.5285881979858522,0.5685996052404572,98,0.4365102143313899,0.6669848687532666,kalshi
0.7,0.8,212,0.7249056603773585,0.8820754716981132,0.8317149549827206,0.9188359395726121,9,0.6271847200418629,1.0,kalshi
