sigma,full_kelly,optimal,ratio,equivalent_shrunk_p,objective_at_full,objective_at_optimal,closed_form
0.0,0.10000000000000009,0.10000000000000009,1.0,0.55,0.005008366846356839,0.005008366846356839,
0.01,0.10000000000000009,0.0800975,0.8009749999999993,0.54,0.0030016598917353256,0.0032034173177547844,0.08000000000000007
0.02,0.10000000000000009,0.0601975,0.6019749999999995,0.53,0.0009949529371138122,0.001801061984305359,0.06000000000000005
0.03,0.10000000000000009,0.0398,0.3979999999999997,0.52,-0.0010117540175077003,0.0008001934381461464,0.040000000000000036
0.04,0.10000000000000009,0.0199,0.19899999999999984,0.51,-0.0030184609721292145,0.00020000833347964537,0.020000000000000018
0.05,0.10000000000000009,0.0,0.0,0.5,-0.005025167926750729,0.0,0.0
0.06,0.10000000000000009,0.0,0.0,0.49000000000000005,-0.0070318748813722395,0.0,0.0
0.07,0.10000000000000009,0.0,0.0,0.48000000000000004,-0.009038581835993756,0.0,0.0
0.08,0.10000000000000009,0.0,0.0,0.47000000000000003,-0.011045288790615268,0.0,0.0
0.09,0.10000000000000009,0.0,0.0,0.4600000000000001,-0.013051995745236779,0.0,0.0
