venue,bucket,bucket_index,n_rows,n_events,brier,brier_lo,brier_hi
polymarket,0-60m,0,478,236,0.24714662029288703,0.23671548362157624,0.25808993095991556
polymarket,60-180m,1,956,236,0.24753333158995816,0.2372617382992423,0.2582384244295819
polymarket,180-360m,2,1434,236,0.24693098221757323,0.23681423530164733,0.25732931901261424
polymarket,360-720m,3,2868,236,0.24709573814504884,0.2372837595387579,0.2576384948199782
polymarket,720-1440m,4,5710,236,0.24625361129597195,0.23694553821183437,0.25594577579920974
polymarket,1440-4320m,5,10725,235,0.2458309717948718,0.237139389001358,0.2547677721434608
kalshi,0-60m,0,694,346,0.24452125360230545,0.2358345314518533,0.2532641257225433
kalshi,60-180m,1,1384,346,0.24526716040462426,0.23676461072976873,0.25404321893063586
kalshi,180-360m,2,2076,346,0.24543684971098267,0.23690623073217726,0.253872210982659
kalshi,360-720m,3,4148,346,0.24575160318225647,0.23742816973748418,0.2539599780120481
kalshi,720-1440m,4,8290,346,0.24599167068757538,0.23811753427981808,0.2536080496446582
kalshi,1440-4320m,5,16412,346,0.24511212222763828,0.2376715289201599,0.2525078493075921
