event_slug,start_utc,outcome0,outcome1,winner0,close0_pre_start,close_minute,source
cbb-akron-emich-2026-02-03,2026-02-03T23:30:00.000000Z,Akron Zips,Eastern Michigan Eagles,1,0.895,-1,Polymarket international Gamma startTime + CLOB prices-history (fidelity 1m)
cbb-ala-ga-2026-03-03,2026-03-03T23:30:00.000000Z,Alabama Crimson Tide,Georgia Bulldogs,0,0.545,-1,Polymarket international Gamma startTime + CLOB prices-history (fidelity 1m)
cbb-albny-bryant-2026-02-05,2026-02-05T23:00:00.000000Z,Albany Great Danes,Bryant Bulldogs,1,0.47,-1,Polymarket international Gamma startTime + CLOB prices-history (fidelity 1m)
cbb-arz-hou-2026-02-21,2026-02-21T20:00:00.000000Z,Arizona Wildcats,Houston Cougars,1,0.28,-1,Polymarket international Gamma startTime + CLOB prices-history (fidelity 1m)
cbb-aubrn-mspst-2026-02-18,2026-02-19T02:00:00.000000Z,Auburn Tigers,Mississippi State Bulldogs,0,0.695,-1,Polymarket international Gamma startTime + CLOB prices-history (fidelity 1m)
cbb-ausp-queen-2026-02-11,2026-02-12T00:00:00.000000Z,Austin Peay Governors,Queens (NC) Royals,1,0.435,-1,Polymarket international Gamma startTime + CLOB prices-history (fidelity 1m)
cbb-bcook-jackst-2026-02-16,2026-02-17T00:00:00.000000Z,Bethune-Cookman Wildcats,Jackson State Tigers,0,0.685,-1,Polymarket international Gamma startTime + CLOB prices-history (fidelity 1m)
cbb-belm-illchi-2026-02-06,2026-02-07T02:00:00.000000Z,Belmont Bruins,UIC Flames,1,0.55,-1,Polymarket international Gamma startTime + CLOB prices-history (fidelity 1m)
cbb-bing-umbc-2026-02-05,2026-02-05T23:00:00.000000Z,Binghamton Bearcats,UMBC Retrievers,0,0.125,-1,Polymarket international Gamma startTime + CLOB prices-history (fidelity 1m)
cbb-boise-utahst-2026-02-18,2026-02-19T03:30:00.000000Z,Boise State Broncos,Utah State Aggies,0,0.185,-1,Polymarket international Gamma startTime + CLOB prices-history (fidelity 1m)
cbb-boscol-flst-2026-02-17,2026-02-17T23:00:00.000000Z,Boston College Eagles,Florida State Seminoles,0,0.145,-1,Polymarket international Gamma startTime + CLOB prices-history (fidelity 1m)
cbb-bostu-army-2026-02-11,2026-02-11T23:00:00.000000Z,Boston Terriers,Army Black Knights,1,0.595,-1,Polymarket international Gamma startTime + CLOB prices-history (fidelity 1m)
cbb-bradly-niowa-2026-02-06,2026-02-07T01:00:00.000000Z,Bradley Braves,Northern Iowa Panthers,0,0.385,-1,Polymarket international Gamma startTime + CLOB prices-history (fidelity 1m)
cbb-buf-ballst-2026-02-11,2026-02-12T00:00:00.000000Z,Buffalo Bulls,Ball State Cardinals,1,0.48,-1,Polymarket international Gamma startTime + CLOB prices-history (fidelity 1m)
cbb-byu-okst-2026-02-04,2026-02-05T02:00:00.000000Z,BYU Cougars,Oklahoma State Cowboys,0,0.775,-1,Polymarket international Gamma startTime + CLOB prices-history (fidelity 1m)
cbb-cans-niagra-2026-02-03,2026-02-03T23:30:00.000000Z,Canisius Golden Griffins,Niagara Purple Eagles,0,0.435,-1,Polymarket international Gamma startTime + CLOB prices-history (fidelity 1m)
cbb-char-ncw-2026-03-01,2026-03-02T00:00:00.000000Z,Charleston Cougars,UNCW Seahawks,1,0.33,-1,Polymarket international Gamma startTime + CLOB prices-history (fidelity 1m)
cbb-chat-etnst-2026-02-11,2026-02-12T00:00:00.000000Z,Chattanooga Mocs,East Tennessee State Buccaneers,0,0.17,-1,Polymarket international Gamma startTime + CLOB prices-history (fidelity 1m)
cbb-chist-cencon-2026-02-05,2026-02-06T00:00:00.000000Z,Chicago State Cougars,Central Connecticut State Blue Devils,0,0.195,-1,Polymarket international Gamma startTime + CLOB prices-history (fidelity 1m)
cbb-cita-wcar-2026-02-11,2026-02-11T23:00:00.000000Z,The Citadel Bulldogs,Western Carolina Catamounts,0,0.215,-1,Polymarket international Gamma startTime + CLOB prices-history (fidelity 1m)
cbb-cmich-loulaf-2026-02-07,2026-02-07T21:00:00.000000Z,Central Michigan Chippewas,Louisiana-Lafayette Ragin' Cajuns,0,0.435,-1,Polymarket international Gamma startTime + CLOB prices-history (fidelity 1m)
cbb-cmich-umass-2026-02-03,2026-02-04T00:00:00.000000Z,Central Michigan Chippewas,Massachusetts Minutemen,0,0.135,-1,Polymarket international Gamma startTime + CLOB prices-history (fidelity 1m)
cbb-colg-holy-2026-02-11,2026-02-11T23:00:00.000000Z,Colgate Raiders,Holy Cross Crusaders,1,0.78,-1,Polymarket international Gamma startTime + CLOB prices-history (fidelity 1m)
cbb-colst-unlv-2026-02-18,2026-02-19T04:00:00.000000Z,Colorado State Rams,UNLV Runnin' Rebels,1,0.425,-1,Polymarket international Gamma startTime + CLOB prices-history (fidelity 1m)
cbb-day-vcu-2026-02-06,2026-02-07T00:00:00.000000Z,Dayton Flyers,VCU Rams,0,0.235,-1,Polymarket international Gamma startTime + CLOB prices-history (fidelity 1m)
cbb-delst-ncc-2026-02-09,2026-02-10T01:00:00.000000Z,Delaware State Hornets,North Carolina Central Eagles,0,0.22,-1,Polymarket international Gamma startTime + CLOB prices-history (fidelity 1m)
cbb-den-ndkst-2026-02-05,2026-02-06T01:00:00.000000Z,Denver Pioneers,North Dakota State Bison,1,0.11,-1,Polymarket international Gamma startTime + CLOB prices-history (fidelity 1m)
cbb-drake-illst-2026-02-06,2026-02-07T01:00:00.000000Z,Drake Bulldogs,Illinois State Redbirds,0,0.17,-1,Polymarket international Gamma startTime + CLOB prices-history (fidelity 1m)
cbb-drexel-camp-2026-02-05,2026-02-06T00:00:00.000000Z,Drexel Dragons,Campbell Fighting Camels,0,0.36,-1,Polymarket international Gamma startTime + CLOB prices-history (fidelity 1m)
cbb-eill-tenst-2026-02-05,2026-02-06T01:30:00.000000Z,Eastern Illinois Panthers,Tennessee State Tigers,0,0.18,-1,Polymarket international Gamma startTime + CLOB prices-history (fidelity 1m)
cbb-elon-hamp-2026-02-05,2026-02-06T00:00:00.000000Z,Elon Phoenix,Hampton Pirates,0,0.535,-1,Polymarket international Gamma startTime + CLOB prices-history (fidelity 1m)
cbb-emich-kentst-2026-02-11,2026-02-12T00:00:00.000000Z,Eastern Michigan Eagles,Kent State Golden Flashes,0,0.165,-1,Polymarket international Gamma startTime + CLOB prices-history (fidelity 1m)
cbb-evans-valp-2026-02-06,2026-02-07T01:00:00.000000Z,Evansville Aces,Valparaiso Beacons,0,0.185,-1,Polymarket international Gamma startTime + CLOB prices-history (fidelity 1m)
cbb-ewash-mont-2026-02-05,2026-02-06T02:00:00.000000Z,Eastern Washington Eagles,Montana Grizzlies,1,0.29,-1,Polymarket international Gamma startTime + CLOB prices-history (fidelity 1m)
cbb-flgc-ekent-2026-02-05,2026-02-06T00:00:00.000000Z,Florida Gulf Coast Eagles,Eastern Kentucky Colonels,0,0.47,-1,Polymarket international Gamma startTime + CLOB prices-history (fidelity 1m)
cbb-flst-nd-2026-02-07,2026-02-07T21:00:00.000000Z,Florida State Seminoles,Notre Dame Fighting Irish,1,0.48,-1,Polymarket international Gamma startTime + CLOB prices-history (fidelity 1m)
cbb-furman-merc-2026-02-11,2026-02-12T00:00:00.000000Z,Furman Paladins,Mercer Bears,0,0.395,-1,Polymarket international Gamma startTime + CLOB prices-history (fidelity 1m)
cbb-gcan-unlv-2026-02-07,2026-02-07T21:30:00.000000Z,Grand Canyon Antelopes,UNLV Runnin' Rebels,0,0.59,-1,Polymarket international Gamma startTime + CLOB prices-history (fidelity 1m)
cbb-gmsn-rich-2026-02-10,2026-02-11T00:00:00.000000Z,George Mason Patriots,Richmond Spiders,0,0.615,-1,Polymarket international Gamma startTime + CLOB prices-history (fidelity 1m)
cbb-gnzg-port-2026-02-04,2026-02-05T03:00:00.000000Z,Gonzaga Bulldogs,Portland Pilots,0,0.981,-1,Polymarket international Gamma startTime + CLOB prices-history (fidelity 1m)
cbb-gnzg-stmry-2026-02-28,2026-03-01T03:30:00.000000Z,Gonzaga Bulldogs,Saint Mary's Gaels,0,0.555,-1,Polymarket international Gamma startTime + CLOB prices-history (fidelity 1m)
cbb-idaho-monst-2026-02-05,2026-02-06T02:00:00.000000Z,Idaho Vandals,Montana State Bobcats,0,0.435,-1,Polymarket international Gamma startTime + CLOB prices-history (fidelity 1m)
cbb-illst-evans-2026-02-09,2026-02-10T01:00:00.000000Z,Illinois State Redbirds,Evansville Aces,0,0.85,-1,Polymarket international Gamma startTime + CLOB prices-history (fidelity 1m)
cbb-incar-tamu-2026-02-02,2026-02-03T01:00:00.000000Z,Incarnate Word Cardinals,Texas A&M-Corpus Christi Islanders,1,0.33,-1,Polymarket international Gamma startTime + CLOB prices-history (fidelity 1m)
cbb-ind-usc-2026-02-03,2026-02-04T03:00:00.000000Z,Indiana Hoosiers,USC Trojans,0,0.555,-1,Polymarket international Gamma startTime + CLOB prices-history (fidelity 1m)
cbb-iona-siena-2026-02-05,2026-02-06T00:00:00.000000Z,Iona Gaels,Siena Saints,0,0.23,-1,Polymarket international Gamma startTime + CLOB prices-history (fidelity 1m)
cbb-iowa-mary-2026-02-11,2026-02-11T23:00:00.000000Z,Iowa Hawkeyes,Maryland Terrapins,0,0.835,-1,Polymarket international Gamma startTime + CLOB prices-history (fidelity 1m)
cbb-jac-arlr-2026-02-05,2026-02-06T01:00:00.000000Z,Lindenwood Lions,Little Rock Trojans,1,0.51,-1,Polymarket international Gamma startTime + CLOB prices-history (fidelity 1m)
cbb-jax-stetsn-2026-02-11,2026-02-12T00:00:00.000000Z,Jacksonville Dolphins,Stetson Hatters,0,0.57,-1,Polymarket international Gamma startTime + CLOB prices-history (fidelity 1m)
cbb-jaxst-wkent-2026-02-05,2026-02-06T02:00:00.000000Z,Jacksonville State Gamecocks,Western Kentucky Hilltoppers,1,0.35,-1,Polymarket international Gamma startTime + CLOB prices-history (fidelity 1m)
cbb-kan-arzst-2026-03-03,2026-03-04T02:00:00.000000Z,Kansas Jayhawks,Arizona State Sun Devils,0,0.725,-1,Polymarket international Gamma startTime + CLOB prices-history (fidelity 1m)
cbb-kentst-toledo-2026-02-03,2026-02-04T00:00:00.000000Z,Kent State Golden Flashes,Toledo Rockets,1,0.52,-1,Polymarket international Gamma startTime + CLOB prices-history (fidelity 1m)
cbb-lasal-loych-2026-02-03,2026-02-04T01:00:00.000000Z,La Salle Explorers,Loyola Chicago Ramblers,0,0.415,-1,Polymarket international Gamma startTime + CLOB prices-history (fidelity 1m)
cbb-lbst-csu-2026-02-28,2026-03-01T02:30:00.000000Z,Long Beach State Beach,Bakersfield Roadrunners,1,0.59,-1,Polymarket international Gamma startTime + CLOB prices-history (fidelity 1m)
cbb-lbst-ucsd-2026-02-05,2026-02-06T03:00:00.000000Z,Long Beach State Beach,California-San Diego Tritons,0,0.15,-1,Polymarket international Gamma startTime + CLOB prices-history (fidelity 1m)
cbb-longwd-chsou-2026-02-21,2026-02-21T21:00:00.000000Z,Longwood Lancers,Charleston Southern Buccaneers,1,0.415,-1,Polymarket international Gamma startTime + CLOB prices-history (fidelity 1m)
cbb-marq-vill-2026-02-10,2026-02-11T00:30:00.000000Z,Marquette Golden Eagles,Villanova Wildcats,0,0.185,-1,Polymarket international Gamma startTime + CLOB prices-history (fidelity 1m)
cbb-marsh-old-2026-02-11,2026-02-12T00:30:00.000000Z,Marshall Thundering Herd,Old Dominion Monarchs,1,0.6,-1,Polymarket international Gamma startTime + CLOB prices-history (fidelity 1m)
cbb-mcnst-no-2026-02-28,2026-02-28T23:00:00.000000Z,McNeese State Cowboys,New Orleans Privateers,1,0.815,-1,Polymarket international Gamma startTime + CLOB prices-history (fidelity 1m)
cbb-merc-chat-2026-02-05,2026-02-06T00:00:00.000000Z,Mercer Bears,Chattanooga Mocs,0,0.655,-1,Polymarket international Gamma startTime + CLOB prices-history (fidelity 1m)
cbb-miaoh-buf-2026-02-03,2026-02-03T23:30:00.000000Z,Miami (OH) RedHawks,Buffalo Bulls,1,0.685,-1,Polymarket international Gamma startTime + CLOB prices-history (fidelity 1m)
cbb-miaoh-marsh-2026-02-07,2026-02-07T21:00:00.000000Z,Miami (OH) RedHawks,Marshall Thundering Herd,1,0.545,-1,Polymarket international Gamma startTime + CLOB prices-history (fidelity 1m)
cbb-mich-pur-2026-02-17,2026-02-17T23:30:00.000000Z,Michigan Wolverines,Purdue Boilermakers,1,0.585,-1,Polymarket international Gamma startTime + CLOB prices-history (fidelity 1m)
cbb-miss-tenn-2026-02-03,2026-02-04T00:00:00.000000Z,Ole Miss Rebels,Tennessee Volunteers,0,0.11,-1,Polymarket international Gamma startTime + CLOB prices-history (fidelity 1m)
cbb-miss-vand-2026-03-03,2026-03-04T02:00:00.000000Z,Ole Miss Rebels,Vanderbilt Commodores,0,0.265,-1,Polymarket international Gamma startTime + CLOB prices-history (fidelity 1m)
cbb-monm-stbr-2026-02-05,2026-02-06T00:00:00.000000Z,Monmouth Hawks,Stony Brook Seawolves,1,0.47,-1,Polymarket international Gamma startTime + CLOB prices-history (fidelity 1m)
cbb-mphs-ntx-2026-02-12,2026-02-13T02:00:00.000000Z,Memphis Tigers,North Texas Mean Green,0,0.55,-1,Polymarket international Gamma startTime + CLOB prices-history (fidelity 1m)
cbb-mphs-uab-2026-02-05,2026-02-06T02:00:00.000000Z,Memphis Tigers,UAB Blazers,1,0.48,-1,Polymarket international Gamma startTime + CLOB prices-history (fidelity 1m)
cbb-murst-sill-2026-02-06,2026-02-07T01:00:00.000000Z,Murray State Racers,Southern Illinois Salukis,1,0.535,-1,Polymarket international Gamma startTime + CLOB prices-history (fidelity 1m)
cbb-nal-lipsc-2026-02-21,2026-02-21T22:00:00.000000Z,North Alabama Lions,Lipscomb Bisons,0,0.125,-1,Polymarket international Gamma startTime + CLOB prices-history (fidelity 1m)
cbb-narz-idhst-2026-02-05,2026-02-06T02:00:00.000000Z,Northern Arizona Lumberjacks,Idaho State Bengals,1,0.235,-1,Polymarket international Gamma startTime + CLOB prices-history (fidelity 1m)
cbb-ncar-mia-2026-02-10,2026-02-11T00:00:00.000000Z,North Carolina Tar Heels,Miami Hurricanes,0,0.505,-1,Polymarket international Gamma startTime + CLOB prices-history (fidelity 1m)
cbb-ncc-norfst-2026-02-07,2026-02-07T21:30:00.000000Z,North Carolina Central Eagles,Norfolk State Spartans,0,0.37,-1,Polymarket international Gamma startTime + CLOB prices-history (fidelity 1m)
cbb-ncol-webst-2026-02-05,2026-02-06T02:00:00.000000Z,Northern Colorado Bears,Weber State Wildcats,1,0.53,-1,Polymarket international Gamma startTime + CLOB prices-history (fidelity 1m)
cbb-nd-smu-2026-02-10,2026-02-11T00:00:00.000000Z,Notre Dame Fighting Irish,SMU Mustangs,0,0.15,-1,Polymarket international Gamma startTime + CLOB prices-history (fidelity 1m)
cbb-nd-syra-2026-01-31,2026-01-31T23:00:00.000000Z,Notre Dame Fighting Irish,Syracuse Orange,0,0.29,-1,Polymarket international Gamma startTime + CLOB prices-history (fidelity 1m)
cbb-neom-ndak-2026-02-05,2026-02-06T01:00:00.000000Z,Omaha Mavericks,North Dakota Fighting Hawks,0,0.455,-1,Polymarket international Gamma startTime + CLOB prices-history (fidelity 1m)
cbb-nfl-uwg-2026-02-05,2026-02-06T00:00:00.000000Z,North Florida Ospreys,West Georgia Wolves,1,0.285,-1,Polymarket international Gamma startTime + CLOB prices-history (fidelity 1m)
cbb-nhvn-liub-2026-02-05,2026-02-06T00:00:00.000000Z,New Haven Chargers,LIU Sharks,0,0.17,-1,Polymarket international Gamma startTime + CLOB prices-history (fidelity 1m)
cbb-niowa-belm-2026-02-12,2026-02-13T02:00:00.000000Z,Northern Iowa Panthers,Belmont Bruins,0,0.335,-1,Polymarket international Gamma startTime + CLOB prices-history (fidelity 1m)
cbb-nwst-lamar-2026-02-09,2026-02-10T00:00:00.000000Z,Northwestern State Demons,Lamar Cardinals,1,0.245,-1,Polymarket international Gamma startTime + CLOB prices-history (fidelity 1m)
cbb-ohiost-mary-2026-02-05,2026-02-06T01:30:00.000000Z,Ohio State Buckeyes,Maryland Terrapins,1,0.725,-1,Polymarket international Gamma startTime + CLOB prices-history (fidelity 1m)
cbb-okl-lsu-2026-02-28,2026-02-28T23:00:00.000000Z,Oklahoma Sooners,LSU Tigers,1,0.455,-1,Polymarket international Gamma startTime + CLOB prices-history (fidelity 1m)
cbb-okst-ucf-2026-03-03,2026-03-04T00:00:00.000000Z,Oklahoma State Cowboys,UCF Knights,1,0.205,-1,Polymarket international Gamma startTime + CLOB prices-history (fidelity 1m)
cbb-pacfc-washst-2026-02-18,2026-02-19T02:30:00.000000Z,Pacific Tigers,Washington State Cougars,0,0.425,-1,Polymarket international Gamma startTime + CLOB prices-history (fidelity 1m)
cbb-pennst-mich-2026-02-05,2026-02-05T23:30:00.000000Z,Penn State Nittany Lions,Michigan Wolverines,0,0.025,-1,Polymarket international Gamma startTime + CLOB prices-history (fidelity 1m)
cbb-pepp-port-2026-02-18,2026-02-19T03:00:00.000000Z,Pepperdine Waves,Portland Pilots,1,0.235,-1,Polymarket international Gamma startTime + CLOB prices-history (fidelity 1m)
cbb-presb-scup-2026-02-21,2026-02-21T21:30:00.000000Z,Presbyterian Blue Hose,USC Upstate Spartans,0,0.515,-1,Polymarket international Gamma startTime + CLOB prices-history (fidelity 1m)
cbb-prov-seton-2026-02-11,2026-02-12T00:30:00.000000Z,Providence Friars,Seton Hall Pirates,0,0.34,-1,Polymarket international Gamma startTime + CLOB prices-history (fidelity 1m)
cbb-pur-nebr-2026-02-10,2026-02-11T00:00:00.000000Z,Purdue Boilermakers,Nebraska Cornhuskers,1,0.44,-1,Polymarket international Gamma startTime + CLOB prices-history (fidelity 1m)
cbb-sc-tx-2026-02-03,2026-02-04T00:00:00.000000Z,South Carolina Gamecocks,Texas Longhorns,0,0.11,-1,Polymarket international Gamma startTime + CLOB prices-history (fidelity 1m)
cbb-sdst-colst-2026-02-21,2026-02-21T23:00:00.000000Z,San Diego State Aztecs,Colorado State Rams,0,0.59,-1,Polymarket international Gamma startTime + CLOB prices-history (fidelity 1m)
cbb-sill-illst-2026-02-03,2026-02-04T00:00:00.000000Z,Southern Illinois Salukis,Illinois State Redbirds,1,0.205,-1,Polymarket international Gamma startTime + CLOB prices-history (fidelity 1m)
cbb-stbon-day-2026-02-03,2026-02-04T00:00:00.000000Z,St. Bonaventure Bonnies,Dayton Flyers,0,0.24,-1,Polymarket international Gamma startTime + CLOB prices-history (fidelity 1m)
cbb-stfpa-mrcy-2026-02-05,2026-02-06T00:00:00.000000Z,St. Francis (PA) Red Flash,Mercyhurst Lakers,0,0.24,-1,Polymarket international Gamma startTime + CLOB prices-history (fidelity 1m)
cbb-stmry-sea-2026-02-18,2026-02-19T02:00:00.000000Z,Saint Mary's Gaels,Seattle Redhawks,1,0.835,-1,Polymarket international Gamma startTime + CLOB prices-history (fidelity 1m)
cbb-stnh-liub-2026-02-07,2026-02-07T21:00:00.000000Z,Stonehill Skyhawks,LIU Sharks,0,0.16,-1,Polymarket international Gamma startTime + CLOB prices-history (fidelity 1m)
cbb-stpete-manh-2026-02-05,2026-02-06T00:00:00.000000Z,Saint Peter's Peacocks,Manhattan Jaspers,1,0.66,-1,Polymarket international Gamma startTime + CLOB prices-history (fidelity 1m)
cbb-tarl-cabap-2026-02-05,2026-02-06T03:00:00.000000Z,Tarleton State Texans,California Baptist Lancers,0,0.16,-1,Polymarket international Gamma startTime + CLOB prices-history (fidelity 1m)
cbb-tarl-sutah-2026-02-07,2026-02-08T01:30:00.000000Z,Tarleton State Texans,Southern Utah Thunderbirds,1,0.51,-1,Polymarket international Gamma startTime + CLOB prices-history (fidelity 1m)
cbb-tenn-uk-2026-02-07,2026-02-08T01:30:00.000000Z,Tennessee Volunteers,Kentucky Wildcats,0,0.5,-1,Polymarket international Gamma startTime + CLOB prices-history (fidelity 1m)
cbb-tenst-usi-2026-02-12,2026-02-13T01:00:00.000000Z,Tennessee State Tigers,Southern Indiana Screaming Eagles,1,0.705,-1,Polymarket international Gamma startTime + CLOB prices-history (fidelity 1m)
cbb-toledo-jmad-2026-02-07,2026-02-07T21:00:00.000000Z,Toledo Rockets,James Madison Dukes,0,0.515,-1,Polymarket international Gamma startTime + CLOB prices-history (fidelity 1m)
cbb-txa-abchr-2026-02-12,2026-02-13T02:00:00.000000Z,UT Arlington Mavericks,Abilene Christian Wildcats,0,0.475,-1,Polymarket international Gamma startTime + CLOB prices-history (fidelity 1m)
cbb-txa-dxst-2026-02-05,2026-02-06T02:00:00.000000Z,UT Arlington Mavericks,Utah Tech Trailblazers,0,0.49,-1,Polymarket international Gamma startTime + CLOB prices-history (fidelity 1m)
cbb-txamc-sfaus-2026-02-09,2026-02-10T00:30:00.000000Z,East Texas A&M Lions,Stephen F. Austin Lumberjacks,0,0.07,-1,Polymarket international Gamma startTime + CLOB prices-history (fidelity 1m)
cbb-txs-bcook-2026-02-09,2026-02-10T00:00:00.000000Z,Texas Southern Tigers,Bethune-Cookman Wildcats,0,0.235,-1,Polymarket international Gamma startTime + CLOB prices-history (fidelity 1m)
cbb-txtech-arzst-2026-02-17,2026-02-18T04:00:00.000000Z,Texas Tech Red Raiders,Arizona State Sun Devils,0,0.775,-1,Polymarket international Gamma startTime + CLOB prices-history (fidelity 1m)
cbb-ucirv-calpol-2026-02-12,2026-02-13T03:00:00.000000Z,UC Irvine Anteaters,Cal Poly Mustangs,0,0.71,-1,Polymarket international Gamma startTime + CLOB prices-history (fidelity 1m)
cbb-uconn-stjohn-2026-02-06,2026-02-07T01:00:00.000000Z,Connecticut Huskies,St. John's Red Storm,0,0.53,-1,Polymarket international Gamma startTime + CLOB prices-history (fidelity 1m)
cbb-ucrvs-csufl-2026-02-05,2026-02-06T03:00:00.000000Z,UC Riverside Highlanders,Cal State Fullerton Titans,0,0.295,-1,Polymarket international Gamma startTime + CLOB prices-history (fidelity 1m)
cbb-ucrvs-csunr-2026-02-07,2026-02-07T21:00:00.000000Z,UC Riverside Highlanders,CSUN Matadors,0,0.175,-1,Polymarket international Gamma startTime + CLOB prices-history (fidelity 1m)
cbb-unlv-nevada-2026-01-30,2026-01-31T03:00:00.000000Z,UNLV Runnin' Rebels,Nevada Wolf Pack,0,0.25,-1,Polymarket international Gamma startTime + CLOB prices-history (fidelity 1m)
cbb-usc-ohiost-2026-02-11,2026-02-11T23:30:00.000000Z,USC Trojans,Ohio State Buckeyes,0,0.235,-1,Polymarket international Gamma startTime + CLOB prices-history (fidelity 1m)
cbb-uscb-ucdv-2026-02-05,2026-02-06T02:00:00.000000Z,UC Santa Barbara Gauchos,UC Davis Aggies,0,0.61,-1,Polymarket international Gamma startTime + CLOB prices-history (fidelity 1m)
cbb-uscb-ucirv-2026-02-28,2026-03-01T03:30:00.000000Z,UC Santa Barbara Gauchos,UC Irvine Anteaters,0,0.365,-1,Polymarket international Gamma startTime + CLOB prices-history (fidelity 1m)
cbb-uscb-ucrvs-2026-02-12,2026-02-13T03:00:00.000000Z,UC Santa Barbara Gauchos,UC Riverside Highlanders,1,0.745,-1,Polymarket international Gamma startTime + CLOB prices-history (fidelity 1m)
cbb-usi-eill-2026-02-21,2026-02-21T21:30:00.000000Z,Southern Indiana Screaming Eagles,Eastern Illinois Panthers,1,0.345,-1,Polymarket international Gamma startTime + CLOB prices-history (fidelity 1m)
cbb-utah-wvir-2026-02-18,2026-02-19T01:30:00.000000Z,Utah Utes,West Virginia Mountaineers,1,0.165,-1,Polymarket international Gamma startTime + CLOB prices-history (fidelity 1m)
cbb-utahv-dxst-2026-02-12,2026-02-13T02:00:00.000000Z,Utah Valley Wolverines,Utah Tech Trailblazers,0,0.785,-1,Polymarket international Gamma startTime + CLOB prices-history (fidelity 1m)
cbb-utep-jaxst-2026-02-11,2026-02-12T00:00:00.000000Z,UTEP Miners,Jacksonville State Gamecocks,1,0.28,-1,Polymarket international Gamma startTime + CLOB prices-history (fidelity 1m)
cbb-valp-drake-2026-02-09,2026-02-10T00:30:00.000000Z,Valparaiso Beacons,Drake Bulldogs,1,0.39,-1,Polymarket international Gamma startTime + CLOB prices-history (fidelity 1m)
cbb-vand-aubrn-2026-02-10,2026-02-11T00:00:00.000000Z,Vanderbilt Commodores,Auburn Tigers,1,0.38,-1,Polymarket international Gamma startTime + CLOB prices-history (fidelity 1m)
cbb-vcu-fordm-2026-02-03,2026-02-04T00:00:00.000000Z,VCU Rams,Fordham Rams,1,0.75,-1,Polymarket international Gamma startTime + CLOB prices-history (fidelity 1m)
cbb-verm-maine-2026-02-05,2026-02-05T23:00:00.000000Z,Vermont Catamounts,Maine Black Bears,0,0.78,-1,Polymarket international Gamma startTime + CLOB prices-history (fidelity 1m)
cbb-vir-flst-2026-02-10,2026-02-11T00:00:00.000000Z,Virginia Cavaliers,Florida State Seminoles,1,0.77,-1,Polymarket international Gamma startTime + CLOB prices-history (fidelity 1m)
cbb-vtech-clmsn-2026-02-11,2026-02-12T00:00:00.000000Z,Virginia Tech Hokies,Clemson Tigers,1,0.22,-1,Polymarket international Gamma startTime + CLOB prices-history (fidelity 1m)
cbb-washst-pepp-2026-02-28,2026-03-01T01:00:00.000000Z,Washington State Cougars,Pepperdine Waves,0,0.75,-1,Polymarket international Gamma startTime + CLOB prices-history (fidelity 1m)
cbb-wbd-iupui-2026-02-10,2026-02-10T23:30:00.000000Z,Milwaukee Panthers,IU Indy Jaguars,1,0.57,-1,Polymarket international Gamma startTime + CLOB prices-history (fidelity 1m)
cbb-winth-hpnt-2026-02-21,2026-02-21T21:00:00.000000Z,Winthrop Eagles,High Point Panthers,0,0.185,-1,Polymarket international Gamma startTime + CLOB prices-history (fidelity 1m)
cbb-wvir-cin-2026-02-05,2026-02-06T00:00:00.000000Z,West Virginia Mountaineers,Cincinnati Bearcats,1,0.335,-1,Polymarket international Gamma startTime + CLOB prices-history (fidelity 1m)
cbb-xav-stjohn-2026-02-09,2026-02-09T23:30:00.000000Z,Xavier Musketeers,St. John's Red Storm,0,0.075,-1,Polymarket international Gamma startTime + CLOB prices-history (fidelity 1m)
cbb-xav-uconn-2026-02-03,2026-02-04T00:00:00.000000Z,Xavier Musketeers,Connecticut Huskies,0,0.05,-1,Polymarket international Gamma startTime + CLOB prices-history (fidelity 1m)
cbb-yale-howrd-2026-02-09,2026-02-10T00:00:00.000000Z,Yale Bulldogs,Howard Bison,1,0.74,-1,Polymarket international Gamma startTime + CLOB prices-history (fidelity 1m)
nba-atl-bos-2026-01-28,2026-01-29T00:30:00.000000Z,Hawks,Celtics,1,0.345,-1,Polymarket international Gamma startTime + CLOB prices-history (fidelity 1m)
nba-cha-mem-2026-01-28,2026-01-29T01:00:00.000000Z,Hornets,Grizzlies,1,0.555,-1,Polymarket international Gamma startTime + CLOB prices-history (fidelity 1m)
nba-chi-mia-2026-02-01,2026-02-01T23:00:00.000000Z,Bulls,Heat,0,0.345,-1,Polymarket international Gamma startTime + CLOB prices-history (fidelity 1m)
nba-cle-lac-2026-02-04,2026-02-05T03:30:00.000000Z,Cavaliers,Clippers,1,0.575,-1,Polymarket international Gamma startTime + CLOB prices-history (fidelity 1m)
nba-cle-por-2026-02-01,2026-02-02T02:00:00.000000Z,Cavaliers,Trail Blazers,1,0.625,-1,Polymarket international Gamma startTime + CLOB prices-history (fidelity 1m)
nba-den-chi-2026-02-07,2026-02-08T01:00:00.000000Z,Nuggets,Bulls,1,0.755,-1,Polymarket international Gamma startTime + CLOB prices-history (fidelity 1m)
nba-det-den-2026-01-27,2026-01-28T02:00:00.000000Z,Pistons,Nuggets,1,0.715,-1,Polymarket international Gamma startTime + CLOB prices-history (fidelity 1m)
nba-hou-ind-2026-02-02,2026-02-03T00:00:00.000000Z,Rockets,Pacers,1,0.705,-1,Polymarket international Gamma startTime + CLOB prices-history (fidelity 1m)
nba-ind-mil-2026-02-06,2026-02-07T01:00:00.000000Z,Pacers,Bucks,0,0.535,-1,Polymarket international Gamma startTime + CLOB prices-history (fidelity 1m)
nba-lac-sac-2026-02-06,2026-02-07T03:00:00.000000Z,Clippers,Kings,1,0.595,-1,Polymarket international Gamma startTime + CLOB prices-history (fidelity 1m)
nba-lac-uta-2026-01-27,2026-01-28T03:00:00.000000Z,Clippers,Jazz,1,0.755,-1,Polymarket international Gamma startTime + CLOB prices-history (fidelity 1m)
nba-mem-por-2026-02-06,2026-02-07T03:00:00.000000Z,Grizzlies,Trail Blazers,0,0.285,-1,Polymarket international Gamma startTime + CLOB prices-history (fidelity 1m)
nba-mia-bos-2026-02-06,2026-02-07T00:30:00.000000Z,Heat,Celtics,0,0.325,-1,Polymarket international Gamma startTime + CLOB prices-history (fidelity 1m)
nba-mia-phi-2026-02-26,2026-02-27T00:00:00.000000Z,Heat,76ers,0,0.455,-1,Polymarket international Gamma startTime + CLOB prices-history (fidelity 1m)
nba-min-dal-2026-01-28,2026-01-29T01:30:00.000000Z,Timberwolves,Mavericks,1,0.735,-1,Polymarket international Gamma startTime + CLOB prices-history (fidelity 1m)
nba-min-mem-2026-02-02,2026-02-03T00:30:00.000000Z,Timberwolves,Grizzlies,0,0.715,-1,Polymarket international Gamma startTime + CLOB prices-history (fidelity 1m)
nba-orl-mia-2026-01-28,2026-01-29T00:30:00.000000Z,Magic,Heat,1,0.415,-1,Polymarket international Gamma startTime + CLOB prices-history (fidelity 1m)
nba-phi-lac-2026-02-02,2026-02-03T03:00:00.000000Z,76ers,Clippers,1,0.515,-1,Polymarket international Gamma startTime + CLOB prices-history (fidelity 1m)
nba-phi-lal-2026-02-05,2026-02-06T03:00:00.000000Z,76ers,Lakers,0,0.435,-1,Polymarket international Gamma startTime + CLOB prices-history (fidelity 1m)
nba-sac-was-2026-02-01,2026-02-01T23:00:00.000000Z,Kings,Wizards,0,0.535,-1,Polymarket international Gamma startTime + CLOB prices-history (fidelity 1m)
nba-uta-ind-2026-02-03,2026-02-04T00:00:00.000000Z,Jazz,Pacers,1,0.575,-1,Polymarket international Gamma startTime + CLOB prices-history (fidelity 1m)
nba-uta-tor-2026-02-01,2026-02-01T23:00:00.000000Z,Jazz,Raptors,0,0.225,-1,Polymarket international Gamma startTime + CLOB prices-history (fidelity 1m)
nba-was-det-2026-02-05,2026-02-06T00:00:00.000000Z,Wizards,Pistons,1,0.105,-1,Polymarket international Gamma startTime + CLOB prices-history (fidelity 1m)
nfl-buf-jax-2026-01-11,2026-01-11T18:00:00.000000Z,Bills,Jaguars,1,0.455,-1,Polymarket international Gamma startTime + CLOB prices-history (fidelity 1m)
nfl-gb-chi-2026-01-10,2026-01-11T01:00:00.000000Z,Packers,Bears,0,0.545,-1,Polymarket international Gamma startTime + CLOB prices-history (fidelity 1m)
nfl-hou-ne-2026-01-18,2026-01-18T20:00:00.000000Z,Texans,Patriots,0,0.365,-1,Polymarket international Gamma startTime + CLOB prices-history (fidelity 1m)
nfl-hou-pit-2026-01-12,2026-01-13T01:15:00.000000Z,Texans,Steelers,1,0.595,-1,Polymarket international Gamma startTime + CLOB prices-history (fidelity 1m)
nfl-lac-ne-2026-01-11,2026-01-12T01:00:00.000000Z,Chargers,Patriots,0,0.355,-1,Polymarket international Gamma startTime + CLOB prices-history (fidelity 1m)
nfl-ne-den-2026-01-25,2026-01-25T20:00:00.000000Z,Patriots,Broncos,1,0.655,-1,Polymarket international Gamma startTime + CLOB prices-history (fidelity 1m)
nfl-sea-ne-2026-02-08,2026-02-08T23:30:00.000000Z,Seahawks,Patriots,1,0.675,-1,Polymarket international Gamma startTime + CLOB prices-history (fidelity 1m)
nfl-sf-phi-2026-01-11,2026-01-11T21:30:00.000000Z,49ers,Eagles,1,0.315,-1,Polymarket international Gamma startTime + CLOB prices-history (fidelity 1m)
nhl-bos-tb-2026-02-01,2026-02-01T23:30:00.000000Z,Bruins,Lightning,0,0.345,-1,Polymarket international Gamma startTime + CLOB prices-history (fidelity 1m)
nhl-car-nyr-2026-02-05,2026-02-06T00:00:00.000000Z,Hurricanes,Rangers,1,0.655,-1,Polymarket international Gamma startTime + CLOB prices-history (fidelity 1m)
nhl-ott-pit-2026-02-02,2026-02-03T00:00:00.000000Z,Senators,Penguins,1,0.535,-1,Polymarket international Gamma startTime + CLOB prices-history (fidelity 1m)
