seq,fill_id,order_id,position_id,ts_utc,market_slug,side,outcome_label,action,intent,order_type,tif,liquidity,qty,px_yes,px_side,fee,cash_flow,exch_trade_cost
1,F-bf14b98bbe22,O-ca53197929bf,P-af341087c3,2026-01-10T22:17:44.120773Z,aec-nfl-lar-car-2026-01-10,YES,Rams,BUY,BUY_LONG,LIMIT,IMMEDIATE_OR_CANCEL,taker,10,0.95,0.95,0.01,-9.51,9.51
2,F-a074e55e6f95,O-beeb218220b5,P-23d75eec17,2026-01-11T00:49:55.280122Z,aec-nfl-gb-chi-2026-01-10,NO,Bears,BUY,BUY_SHORT,LIMIT,IMMEDIATE_OR_CANCEL,taker,10,0.53,0.47,0.005,-4.705,4.705
3,F-f188137b4fc0,O-e0d9a98f1ff9,P-23d75eec17,2026-01-11T00:50:28.656698Z,aec-nfl-gb-chi-2026-01-10,NO,Bears,BUY,BUY_SHORT,LIMIT,IMMEDIATE_OR_CANCEL,taker,12,0.531,0.469,0.006,-5.634,5.634
4,F-57393c270073,O-14037746796a,P-debe467406,2026-01-11T17:04:08.393254Z,aec-nfl-sf-phi-2026-01-11,YES,49ers,BUY,BUY_LONG,LIMIT,IMMEDIATE_OR_CANCEL,taker,9,0.31,0.31,0.003,-2.793,2.793
5,F-a8b17a4c672f,O-c64e7d8d47de,P-6c02ae7055,2026-01-11T17:05:11.400464Z,aec-nfl-buf-jax-2026-01-11,NO,Jaguars,BUY,BUY_SHORT,LIMIT,IMMEDIATE_OR_CANCEL,taker,9,0.468,0.532,0.005,-4.793,4.793
6,F-0043f0b05135,O-714f90c3a297,P-6c02ae7055,2026-01-11T20:30:53.573176Z,aec-nfl-buf-jax-2026-01-11,NO,Jaguars,BUY,BUY_SHORT,LIMIT,IMMEDIATE_OR_CANCEL,taker,9,0.451,0.549,0.005,-4.946,4.946
7,F-574ddfad6481,O-ed21146b7bcc,P-6c02ae7055,2026-01-11T20:48:45.955535Z,aec-nfl-buf-jax-2026-01-11,NO,Jaguars,SELL,SELL_SHORT,LIMIT,IMMEDIATE_OR_CANCEL,taker,18,0.385,0.615,0.007,11.063,11.063
8,F-b71de653f4bd,O-ec4cf9b3e040,P-98d9d3404e,2026-01-11T20:49:01.768346Z,aec-nfl-buf-jax-2026-01-11,YES,Bills,BUY,BUY_LONG,LIMIT,IMMEDIATE_OR_CANCEL,taker,19,0.403,0.403,0.008,-7.665,7.665
9,F-060158aa32a2,O-69e3835f4b55,P-98d9d3404e,2026-01-11T20:53:51.565230Z,aec-nfl-buf-jax-2026-01-11,YES,Bills,BUY,BUY_LONG,LIMIT,IMMEDIATE_OR_CANCEL,taker,9,0.536,0.536,0.005,-4.829,4.829
10,F-b54f1188f52a,O-d419ce9f7068,P-debe467406,2026-01-11T21:10:53.836917Z,aec-nfl-sf-phi-2026-01-11,YES,49ers,BUY,BUY_LONG,LIMIT,IMMEDIATE_OR_CANCEL,taker,28,0.349,0.349,0.01,-9.782,9.782
11,F-00d59f74cba4,O-4145df2b36de,P-86f35704fb,2026-01-11T21:12:03.539340Z,aec-nfl-lac-ne-2026-01-11,NO,Patriots,BUY,BUY_SHORT,LIMIT,IMMEDIATE_OR_CANCEL,taker,12,0.35,0.65,0.008,-7.808,7.808
12,F-9b99d3e1a0b0,O-3d6afdaf3307,P-debe467406,2026-01-11T22:12:35.078757Z,aec-nfl-sf-phi-2026-01-11,YES,49ers,SELL,SELL_LONG,LIMIT,DAY,taker,8,0.393,0.393,0.005,3.139,3.139
13,F-2ea26462e309,O-df7cb0536ffe,P-debe467406,2026-01-11T22:33:57.618211Z,aec-nfl-sf-phi-2026-01-11,YES,49ers,BUY,BUY_LONG,LIMIT,IMMEDIATE_OR_CANCEL,taker,19,0.259,0.259,0.005,-4.926,4.926
14,F-58827c032ad4,O-cbf68a4d8a34,P-debe467406,2026-01-11T22:46:11.864510Z,aec-nfl-sf-phi-2026-01-11,YES,49ers,SELL,SELL_LONG,LIMIT,IMMEDIATE_OR_CANCEL,taker,48,0.231,0.231,0.037,11.051,11.051
15,F-d4b5e26308f6,O-9a6ad976fa30,P-af7a5dfab7,2026-01-11T22:50:36.125997Z,aec-nfl-sf-phi-2026-01-11,NO,Eagles,BUY,BUY_SHORT,LIMIT,IMMEDIATE_OR_CANCEL,taker,13,0.28,0.72,0.009,-9.369,9.369
16,F-6fb1fe31ceb5,O-cf1791c9c70a,P-af7a5dfab7,2026-01-11T23:38:16.042707Z,aec-nfl-sf-phi-2026-01-11,NO,Eagles,SELL,SELL_SHORT,LIMIT,IMMEDIATE_OR_CANCEL,taker,13,0.329,0.671,0.004,8.719,8.719
17,F-4fbc954e45b5,O-1b7cd9659cbb,P-debe467406,2026-01-11T23:38:24.525162Z,aec-nfl-sf-phi-2026-01-11,YES,49ers,BUY,BUY_LONG,LIMIT,IMMEDIATE_OR_CANCEL,taker,30,0.329,0.329,0.01,-9.88,9.88
18,F-5a29696735ad,O-0d826d3bf9a8,P-debe467406,2026-01-11T23:48:09.037234Z,aec-nfl-sf-phi-2026-01-11,YES,49ers,SELL,SELL_LONG,LIMIT,IMMEDIATE_OR_CANCEL,taker,30,0.2,0.2,0.024,5.976,5.976
19,F-7b029773ec3d,O-baaefea8460c,P-af7a5dfab7,2026-01-11T23:48:24.468266Z,aec-nfl-sf-phi-2026-01-11,NO,Eagles,BUY,BUY_SHORT,LIMIT,IMMEDIATE_OR_CANCEL,taker,12,0.201,0.799,0.01,-9.598,9.598
20,F-a89d8c13aebb,O-8e64466cdc6b,P-af7a5dfab7,2026-01-11T23:58:17.255162Z,aec-nfl-sf-phi-2026-01-11,NO,Eagles,BUY,BUY_SHORT,LIMIT,IMMEDIATE_OR_CANCEL,taker,8,0.331,0.669,0.005,-5.357,5.357
21,F-8b0137387057,O-39b73fbf1d27,P-af7a5dfab7,2026-01-11T23:59:38.074947Z,aec-nfl-sf-phi-2026-01-11,NO,Eagles,BUY,BUY_SHORT,LIMIT,IMMEDIATE_OR_CANCEL,taker,8,0.42,0.58,0.005,-4.645,4.645
22,F-d8742fae6e01,O-46811f73020e,P-af7a5dfab7,2026-01-12T00:04:46.002856Z,aec-nfl-sf-phi-2026-01-11,NO,Eagles,BUY,BUY_SHORT,LIMIT,IMMEDIATE_OR_CANCEL,taker,5,0.451,0.549,0.003,-2.748,2.748
23,F-cf7b194d09b3,O-0a3c1178948b,P-24484a25ae,2026-01-13T00:10:45.802112Z,aec-nfl-hou-pit-2026-01-12,YES,Texans,BUY,BUY_LONG,LIMIT,IMMEDIATE_OR_CANCEL,taker,17,0.599,0.599,0.01,-10.193,10.193
24,F-5470985ed2b1,O-0a3c1178948b,P-24484a25ae,2026-01-13T00:10:45.802112Z,aec-nfl-hou-pit-2026-01-12,YES,Texans,BUY,BUY_LONG,LIMIT,IMMEDIATE_OR_CANCEL,taker,3,0.599,0.599,0.002,-1.799,1.799
25,F-1f52ff5a697b,O-c26973d4841d,P-7ce20b6d1c,2026-01-18T17:45:01.998389Z,aec-nfl-hou-ne-2026-01-18,NO,Patriots,BUY,BUY_SHORT,LIMIT,IMMEDIATE_OR_CANCEL,taker,24,0.387,0.613,0.015,-14.727,14.727
26,F-fea5ce741634,O-d0da0b923719,P-5ebd224e57,2026-01-18T23:41:56.996188Z,aec-nfl-lar-chi-2026-01-18,NO,Bears,BUY,BUY_SHORT,LIMIT,IMMEDIATE_OR_CANCEL,taker,13,0.616,0.384,0.005,-4.997,4.997
27,F-3f9fd72e6989,O-799dbd384d13,P-5ebd224e57,2026-01-18T23:59:52.137786Z,aec-nfl-lar-chi-2026-01-18,NO,Bears,BUY,BUY_SHORT,LIMIT,IMMEDIATE_OR_CANCEL,taker,18,0.736,0.264,0.005,-4.757,4.757
28,F-60a52f8effb5,O-792f009fd4f6,P-5ebd224e57,2026-01-19T01:03:41.735364Z,aec-nfl-lar-chi-2026-01-18,NO,Bears,SELL,SELL_SHORT,LIMIT,IMMEDIATE_OR_CANCEL,taker,31,0.631,0.369,0.02,11.419,11.419
29,F-e59b1ae2b084,O-bd6fd05a2637,P-26ff30b5fa,2026-01-19T01:05:05.103360Z,aec-nfl-lar-chi-2026-01-18,YES,Rams,BUY,BUY_LONG,LIMIT,IMMEDIATE_OR_CANCEL,taker,24,0.603,0.603,0.014,-14.486,14.486
30,F-945f0965269c,O-a7b6081b3196,P-e7665600b8,2026-01-19T03:14:41.805651Z,aec-nfl-ne-den-2026-01-25,YES,Patriots,BUY,BUY_LONG,LIMIT,IMMEDIATE_OR_CANCEL,taker,43,0.719,0.719,0.031,-30.948,30.948
31,F-c7bcdd4ba86c,O-a7b6081b3196,P-e7665600b8,2026-01-19T03:14:41.805651Z,aec-nfl-ne-den-2026-01-25,YES,Patriots,BUY,BUY_LONG,LIMIT,IMMEDIATE_OR_CANCEL,taker,179,0.72,0.72,0.129,-129.009,129.009
32,F-46d58ed00745,O-daf471aa879a,P-625bde1ddf,2026-01-25T23:42:50.183550Z,aec-nfl-lar-sea-2026-01-25,NO,Seahawks,BUY,BUY_SHORT,LIMIT,DAY,taker,181,0.45,0.55,0.1,-99.65,99.65
33,F-66495967e764,O-b91e004742e6,P-625bde1ddf,2026-01-26T00:44:13.801658Z,aec-nfl-lar-sea-2026-01-25,NO,Seahawks,BUY,BUY_SHORT,LIMIT,DAY,taker,65,0.5,0.5,0.032,-32.532,32.532
34,F-71ee604d143c,O-b91e004742e6,P-625bde1ddf,2026-01-26T00:44:13.801658Z,aec-nfl-lar-sea-2026-01-25,NO,Seahawks,BUY,BUY_SHORT,LIMIT,DAY,taker,178,0.5,0.5,0.089,-89.089,89.089
35,F-44a1e66f9550,O-5ca97bfa2b1a,P-966646997d,2026-01-28T03:34:46.584958Z,aec-nba-det-den-2026-01-27,NO,Nuggets,BUY,BUY_SHORT,LIMIT,DAY,taker,53,0.813,0.187,0.01,-9.921,9.921
36,F-0805d8ccd5e7,O-065553c80545,P-51d4d28693,2026-01-28T03:57:15.702744Z,aec-nba-bkn-pho-2026-01-27,YES,Nets,BUY,BUY_LONG,LIMIT,DAY,taker,49,0.2,0.2,0.01,-9.81,9.81
37,F-8dcdeb7ff005,O-8c7664b563f7,P-6ba4860321,2026-01-28T03:57:27.288759Z,aec-nba-lac-uta-2026-01-27,NO,Jazz,BUY,BUY_SHORT,LIMIT,DAY,taker,34,0.708,0.292,0.01,-9.938,9.938
38,F-87591d4e4596,O-5964bc13dadb,P-6ba4860321,2026-01-28T04:46:07.420281Z,aec-nba-lac-uta-2026-01-27,NO,Jazz,SELL,SELL_SHORT,LIMIT,IMMEDIATE_OR_CANCEL,taker,34,0.957,0.043,0.033,1.429,1.429
39,F-8e76e17443f8,O-93226fd9baff,P-5b42a75eb9,2026-01-28T20:16:23.359761Z,aec-nba-lal-cle-2026-01-28,NO,Cavaliers,BUY,BUY_SHORT,LIMIT,DAY,taker,13,0.411,0.589,0.008,-7.665,7.665
40,F-dc454b374b20,O-93226fd9baff,P-5b42a75eb9,2026-01-28T20:16:23.359761Z,aec-nba-lal-cle-2026-01-28,NO,Cavaliers,BUY,BUY_SHORT,LIMIT,DAY,taker,3,0.411,0.589,0.002,-1.769,1.769
41,F-c6ef30ec611d,O-04b0835c7537,P-585aef0835,2026-01-28T20:16:37.974474Z,aec-nba-chi-ind-2026-01-28,YES,Bulls,BUY,BUY_LONG,LIMIT,DAY,taker,13,0.555,0.555,0.007,-7.222,7.222
42,F-ba10b7a41c13,O-04b0835c7537,P-585aef0835,2026-01-28T20:16:37.974474Z,aec-nba-chi-ind-2026-01-28,YES,Bulls,BUY,BUY_LONG,LIMIT,DAY,taker,5,0.555,0.555,0.003,-2.778,2.778
43,F-8149e1876e8f,O-fa16e98ecc23,P-91e7a819fa,2026-01-28T20:16:52.616023Z,aec-nba-orl-mia-2026-01-28,NO,Heat,BUY,BUY_SHORT,LIMIT,DAY,taker,6,0.413,0.587,0.004,-3.526,3.526
44,F-c2861ddb9b44,O-fa16e98ecc23,P-91e7a819fa,2026-01-28T20:16:52.616023Z,aec-nba-orl-mia-2026-01-28,NO,Heat,BUY,BUY_SHORT,LIMIT,DAY,taker,11,0.413,0.587,0.006,-6.463,6.463
45,F-a6a6c4ed674c,O-44f8ea78a69d,P-b35b5f0cc6,2026-01-28T20:17:02.152219Z,aec-nba-atl-bos-2026-01-28,NO,Celtics,BUY,BUY_SHORT,LIMIT,DAY,taker,12,0.336,0.664,0.008,-7.976,7.976
46,F-bbf61bec9db0,O-44f8ea78a69d,P-b35b5f0cc6,2026-01-28T20:17:02.152219Z,aec-nba-atl-bos-2026-01-28,NO,Celtics,BUY,BUY_SHORT,LIMIT,DAY,taker,3,0.336,0.664,0.002,-1.994,1.994
47,F-08f2d8a52daa,O-3aba74e9a710,P-c1e2e26d5c,2026-01-28T20:17:12.768418Z,aec-nba-ny-tor-2026-01-28,NO,Raptors,BUY,BUY_SHORT,LIMIT,DAY,taker,18,0.461,0.539,0.01,-9.712,9.712
48,F-2434d9e969c0,O-8966e39d2efa,P-2da7e8a6ae,2026-01-28T20:17:46.798345Z,aec-nba-min-dal-2026-01-28,YES,Timberwolves,BUY,BUY_LONG,LIMIT,DAY,taker,14,0.712,0.712,0.01,-9.978,9.978
49,F-84907f45ec35,O-8966e39d2efa,P-2da7e8a6ae,2026-01-28T20:17:46.798345Z,aec-nba-min-dal-2026-01-28,YES,Timberwolves,BUY,BUY_LONG,LIMIT,DAY,taker,13,0.712,0.712,0.009,-9.265,9.265
50,F-ba5b2695dfe6,O-8966e39d2efa,P-2da7e8a6ae,2026-01-28T20:17:46.798345Z,aec-nba-min-dal-2026-01-28,YES,Timberwolves,BUY,BUY_LONG,LIMIT,DAY,taker,8,0.712,0.712,0.006,-5.702,5.702
51,F-5c6423eb1e7d,O-560ba71e95d9,P-3a0dfab318,2026-01-28T20:17:59.193871Z,aec-nba-gs-uta-2026-01-28,YES,Warriors,BUY,BUY_LONG,LIMIT,DAY,taker,34,0.726,0.726,0.025,-24.709,24.709
52,F-a3c906c84071,O-a56792cbb8cc,P-01022cdeaf,2026-01-28T20:18:07.696483Z,aec-nba-sa-hou-2026-01-28,NO,Rockets,BUY,BUY_SHORT,LIMIT,DAY,taker,12,0.431,0.569,0.007,-6.835,6.835
53,F-13918f9b2759,O-a56792cbb8cc,P-01022cdeaf,2026-01-28T20:18:07.696483Z,aec-nba-sa-hou-2026-01-28,NO,Rockets,BUY,BUY_SHORT,LIMIT,DAY,taker,5,0.431,0.569,0.003,-2.848,2.848
54,F-632fb8a5260e,O-ed27cfdc63f0,P-aa5f7c05da,2026-01-28T20:18:34.923794Z,aec-nba-cha-mem-2026-01-28,YES,Hornets,BUY,BUY_LONG,LIMIT,DAY,taker,18,0.552,0.552,0.01,-9.946,9.946
55,F-c5073177e59a,O-9ac4520b5f32,P-a4a6e395a4,2026-01-31T01:37:58.343637Z,aec-nba-por-ny-2026-01-30,NO,Knicks,BUY,BUY_SHORT,LIMIT,DAY,taker,251,0.109,0.891,0.224,-223.865,223.865
56,F-fe3232b115b3,O-9ac4520b5f32,P-a4a6e395a4,2026-01-31T01:37:58.343637Z,aec-nba-por-ny-2026-01-30,NO,Knicks,BUY,BUY_SHORT,LIMIT,DAY,taker,176,0.108,0.892,0.157,-157.149,157.149
57,F-0a54b4165cde,O-3b09c71aeec3,P-244b5f74eb,2026-01-31T04:22:42.355342Z,aec-cbb-unlv-nevada-2026-01-30,NO,Wolf Pack,BUY,BUY_SHORT,LIMIT,DAY,taker,13,0.1,0.9,0.012,-11.712,11.712
58,F-c4acdc97b5de,O-3b09c71aeec3,P-244b5f74eb,2026-01-31T04:22:42.355342Z,aec-cbb-unlv-nevada-2026-01-30,NO,Wolf Pack,BUY,BUY_SHORT,LIMIT,DAY,taker,42,0.1,0.9,0.038,-37.838,37.838
59,F-2c6be50a8bea,O-23161315ff8b,P-5ff6fb2ba4,2026-01-31T04:22:58.428939Z,aec-nba-det-gs-2026-01-30,YES,Pistons,BUY,BUY_LONG,LIMIT,DAY,taker,122,0.813,0.813,0.099,-99.285,99.285
60,F-3604656e9579,O-2abcb9597c31,P-571896bcb9,2026-01-31T19:12:14.999562Z,aec-nba-sa-cha-2026-01-31,NO,Hornets,BUY,BUY_SHORT,LIMIT,DAY,taker,12,0.262,0.738,0.009,-8.865,8.865
61,F-47a51b9d0904,O-2abcb9597c31,P-571896bcb9,2026-01-31T19:12:14.999562Z,aec-nba-sa-cha-2026-01-31,NO,Hornets,BUY,BUY_SHORT,LIMIT,DAY,taker,13,0.262,0.738,0.01,-9.604,9.604
62,F-47ef2453b6dc,O-2abcb9597c31,P-571896bcb9,2026-01-31T19:12:14.999562Z,aec-nba-sa-cha-2026-01-31,NO,Hornets,BUY,BUY_SHORT,LIMIT,DAY,taker,105,0.23,0.77,0.081,-80.931,80.931
63,F-835502ff0588,O-b94abd503c3c,P-95da3e3db8,2026-02-01T00:29:55.032122Z,aec-cbb-nd-syra-2026-01-31,NO,Orange,BUY,BUY_SHORT,LIMIT,DAY,taker,14,0.061,0.939,0.013,-13.159,13.159
64,F-600b0f58a7eb,O-b94abd503c3c,P-95da3e3db8,2026-02-01T00:29:55.032122Z,aec-cbb-nd-syra-2026-01-31,NO,Orange,BUY,BUY_SHORT,LIMIT,DAY,taker,12,0.061,0.939,0.011,-11.279,11.279
65,F-8f2b73e863fc,O-b94abd503c3c,P-95da3e3db8,2026-02-01T00:29:55.032122Z,aec-cbb-nd-syra-2026-01-31,NO,Orange,BUY,BUY_SHORT,LIMIT,DAY,taker,300,0.058,0.942,0.283,-282.883,282.883
66,F-4f6b7c052c20,O-b94abd503c3c,P-95da3e3db8,2026-02-01T00:29:55.032122Z,aec-cbb-nd-syra-2026-01-31,NO,Orange,BUY,BUY_SHORT,LIMIT,DAY,taker,124,0.046,0.954,0.118,-118.414,118.414
67,F-e73fc7b54e2c,O-b94abd503c3c,P-95da3e3db8,2026-02-01T00:29:55.032122Z,aec-cbb-nd-syra-2026-01-31,NO,Orange,BUY,BUY_SHORT,LIMIT,DAY,taker,56,0.033,0.967,0.054,-54.206,54.206
68,F-3def740e9fc9,O-e05dd5a81b59,P-e6e20a8f47,2026-02-01T02:01:43.242977Z,aec-ufc-alevol-dielop-2026-01-31,NO,Diego Lopes,BUY,BUY_SHORT,LIMIT,DAY,taker,11,0.564,0.436,0.005,-4.801,4.801
69,F-4d7d77860aef,O-cfacbd4c03b8,P-4e1f9997c7,2026-02-01T02:01:53.541000Z,aec-ufc-danhoo-bensai-2026-01-31,YES,Dan Hooker,BUY,BUY_LONG,LIMIT,DAY,taker,20,0.242,0.242,0.005,-4.845,4.845
70,F-2c0c21f99ddb,O-99135e2ca86a,P-4ce85a187f,2026-02-01T02:01:59.990933Z,aec-ufc-taitui-taltei-2026-01-31,YES,Tai Tuivasa,BUY,BUY_LONG,LIMIT,DAY,taker,15,0.313,0.313,0.005,-4.7,4.7
71,F-57c89572b4f4,O-6e77b919c29c,P-1241c7d2af,2026-02-01T02:02:06.152658Z,aec-ufc-raffiz-mauruf-2026-01-31,NO,Mauricio Ruffy,BUY,BUY_SHORT,LIMIT,DAY,taker,10,0.529,0.471,0.005,-4.715,4.715
72,F-071c4263c770,O-ab7d6108198b,P-8292e7c2fe,2026-02-01T02:03:38.765694Z,aec-ufc-jammul-quisal-2026-01-31,YES,Jamie Mullarkey,BUY,BUY_LONG,LIMIT,DAY,taker,31,0.16,0.16,0.005,-4.965,4.965
73,F-b14bd85596ff,O-7d650176fab4,P-1cc4d8444f,2026-02-01T23:56:19.651834Z,aec-nba-uta-tor-2026-02-01,NO,Raptors,BUY,BUY_SHORT,LIMIT,DAY,taker,13,0.255,0.745,0.01,-9.695,9.695
74,F-7556416e18ad,O-44c867a4c1da,P-1f00b4278b,2026-02-01T23:56:34.430748Z,aec-nba-chi-mia-2026-02-01,NO,Heat,BUY,BUY_SHORT,LIMIT,DAY,taker,51,0.028,0.972,0.05,-49.622,49.622
75,F-4d42fc30ea70,O-0bdfd6937c9b,P-2fba17620b,2026-02-01T23:56:55.594594Z,aec-nba-sac-was-2026-02-01,NO,Wizards,BUY,BUY_SHORT,LIMIT,DAY,taker,13,0.208,0.792,0.01,-10.306,10.306
76,F-f03a6933d7e4,O-0bdfd6937c9b,P-2fba17620b,2026-02-01T23:56:55.594594Z,aec-nba-sac-was-2026-02-01,NO,Wizards,BUY,BUY_SHORT,LIMIT,DAY,taker,24,0.208,0.792,0.019,-19.027,19.027
77,F-c8861c3e2577,O-0bdfd6937c9b,P-2fba17620b,2026-02-01T23:56:55.594594Z,aec-nba-sac-was-2026-02-01,NO,Wizards,BUY,BUY_SHORT,LIMIT,DAY,taker,300,0.207,0.793,0.238,-238.138,238.138
78,F-bb06ebcccaaa,O-0bdfd6937c9b,P-2fba17620b,2026-02-01T23:56:55.594594Z,aec-nba-sac-was-2026-02-01,NO,Wizards,BUY,BUY_SHORT,LIMIT,DAY,taker,40,0.197,0.803,0.032,-32.152,32.152
79,F-a07de38c5e09,O-939bf6c93e39,P-44904e061c,2026-02-02T01:46:38.997307Z,aec-nba-lac-pho-2026-02-01,YES,Clippers,BUY,BUY_LONG,LIMIT,DAY,taker,70,0.713,0.713,0.05,-49.96,49.96
80,F-fa8c3019c75b,O-49b945a092f7,P-41b3656204,2026-02-02T01:46:58.851029Z,aec-nhl-bos-tb-2026-02-01,NO,Lightning,BUY,BUY_SHORT,LIMIT,DAY,taker,13,0.908,0.092,0.001,-1.197,1.197
81,F-384335c1ca22,O-49b945a092f7,P-41b3656204,2026-02-02T01:46:58.851029Z,aec-nhl-bos-tb-2026-02-01,NO,Lightning,BUY,BUY_SHORT,LIMIT,DAY,taker,199,0.906,0.094,0.019,-18.725,18.725
82,F-1d2b0b5082b1,O-90eaad8e4fd5,P-41b3656204,2026-02-02T01:48:36.270372Z,aec-nhl-bos-tb-2026-02-01,NO,Lightning,SELL,SELL_SHORT,LIMIT,IMMEDIATE_OR_CANCEL,taker,13,0.841,0.159,0.011,2.056,2.056
83,F-494e3df7aff4,O-90eaad8e4fd5,P-41b3656204,2026-02-02T01:48:36.270372Z,aec-nhl-bos-tb-2026-02-01,NO,Lightning,SELL,SELL_SHORT,LIMIT,IMMEDIATE_OR_CANCEL,taker,199,0.842,0.158,0.168,31.274,31.274
84,F-0d1c1074d984,O-7be7a73a7606,P-80a6032963,2026-02-02T01:50:11.406691Z,aec-nba-lal-ny-2026-02-01,NO,Knicks,BUY,BUY_SHORT,LIMIT,DAY,taker,11,0.279,0.721,0.008,-7.939,7.939
85,F-e6b8cb0596cd,O-7be7a73a7606,P-80a6032963,2026-02-02T01:50:11.406691Z,aec-nba-lal-ny-2026-02-01,NO,Knicks,BUY,BUY_SHORT,LIMIT,DAY,taker,12,0.279,0.721,0.009,-8.661,8.661
86,F-1dfa32f1a16e,O-7be7a73a7606,P-80a6032963,2026-02-02T01:50:11.406691Z,aec-nba-lal-ny-2026-02-01,NO,Knicks,BUY,BUY_SHORT,LIMIT,DAY,taker,76,0.278,0.722,0.055,-54.927,54.927
87,F-300250b4e7d0,O-956c0b66027c,P-44904e061c,2026-02-02T03:24:12.234626Z,aec-nba-lac-pho-2026-02-01,YES,Clippers,BUY,BUY_LONG,LIMIT,DAY,taker,474,0.99,0.99,0.469,-469.729,469.729
88,F-a1a98b755a3f,O-956c0b66027c,P-44904e061c,2026-02-02T03:24:12.234626Z,aec-nba-lac-pho-2026-02-01,YES,Clippers,BUY,BUY_LONG,LIMIT,DAY,taker,101,0.999,0.999,0.101,-101,101
89,F-c594bf24dc0e,O-ec72a13ad544,P-39ac8a0aa6,2026-02-02T03:42:08.618608Z,aec-nba-cle-por-2026-02-01,YES,Cavaliers,BUY,BUY_LONG,LIMIT,DAY,taker,13,0.934,0.934,0.012,-12.154,12.154
90,F-cee958faa1b7,O-ec72a13ad544,P-39ac8a0aa6,2026-02-02T03:42:08.618608Z,aec-nba-cle-por-2026-02-01,YES,Cavaliers,BUY,BUY_LONG,LIMIT,DAY,taker,14,0.934,0.934,0.013,-13.089,13.089
91,F-cc31f6d9ac01,O-ec72a13ad544,P-39ac8a0aa6,2026-02-02T03:42:08.618608Z,aec-nba-cle-por-2026-02-01,YES,Cavaliers,BUY,BUY_LONG,LIMIT,DAY,taker,559,0.934,0.934,0.522,-522.628,522.628
92,F-0a9de3f0a739,O-ec72a13ad544,P-39ac8a0aa6,2026-02-02T03:42:08.618608Z,aec-nba-cle-por-2026-02-01,YES,Cavaliers,BUY,BUY_LONG,LIMIT,DAY,taker,103,0.939,0.939,0.097,-96.814,96.814
93,F-e5e986451951,O-e3c4269a0651,P-16e0b718b6,2026-02-02T04:18:44.973611Z,aec-nba-orl-sa-2026-02-01,NO,Spurs,BUY,BUY_SHORT,LIMIT,DAY,taker,12,0.032,0.968,0.012,-11.628,11.628
94,F-edde519c0de9,O-e3c4269a0651,P-16e0b718b6,2026-02-02T04:18:44.973611Z,aec-nba-orl-sa-2026-02-01,NO,Spurs,BUY,BUY_SHORT,LIMIT,DAY,taker,300,0.031,0.969,0.291,-290.991,290.991
95,F-fb0fcea62fc2,O-e3c4269a0651,P-16e0b718b6,2026-02-02T04:18:44.973611Z,aec-nba-orl-sa-2026-02-01,NO,Spurs,BUY,BUY_SHORT,LIMIT,DAY,taker,397,0.027,0.973,0.386,-386.667,386.667
96,F-529f4d9f0668,O-4341daa170b7,P-8a95879036,2026-02-02T04:41:26.460067Z,aec-nhl-veg-ana-2026-02-01,NO,Ducks,BUY,BUY_SHORT,LIMIT,DAY,taker,13,0.067,0.933,0.012,-12.141,12.141
97,F-de166149c03a,O-4341daa170b7,P-8a95879036,2026-02-02T04:41:26.460067Z,aec-nhl-veg-ana-2026-02-01,NO,Ducks,BUY,BUY_SHORT,LIMIT,DAY,taker,14,0.067,0.933,0.013,-13.075,13.075
98,F-d403b9af287e,O-4341daa170b7,P-8a95879036,2026-02-02T04:41:26.460067Z,aec-nhl-veg-ana-2026-02-01,NO,Ducks,BUY,BUY_SHORT,LIMIT,DAY,taker,218,0.065,0.935,0.204,-204.034,204.034
99,F-1b61f4befc83,O-4341daa170b7,P-8a95879036,2026-02-02T04:41:26.460067Z,aec-nhl-veg-ana-2026-02-01,NO,Ducks,BUY,BUY_SHORT,LIMIT,DAY,taker,145,0.057,0.943,0.137,-136.872,136.872
100,F-2479681312d2,O-4341daa170b7,P-8a95879036,2026-02-02T04:41:26.460067Z,aec-nhl-veg-ana-2026-02-01,NO,Ducks,BUY,BUY_SHORT,LIMIT,DAY,taker,300,0.055,0.945,0.284,-283.784,283.784
101,F-33c1b7afcdfe,O-4341daa170b7,P-8a95879036,2026-02-02T04:41:26.460067Z,aec-nhl-veg-ana-2026-02-01,NO,Ducks,BUY,BUY_SHORT,LIMIT,DAY,taker,62,0.051,0.949,0.059,-58.897,58.897
102,F-54f6602252ad,O-3b359de45979,P-8a95879036,2026-02-02T05:04:20.587066Z,aec-nhl-veg-ana-2026-02-01,NO,Ducks,SELL,SELL_SHORT,LIMIT,DAY,taker,12,0.184,0.816,0.002,9.79,9.79
103,F-ba4ee61b2c7f,O-3b359de45979,P-8a95879036,2026-02-02T05:04:20.587066Z,aec-nhl-veg-ana-2026-02-01,NO,Ducks,SELL,SELL_SHORT,LIMIT,DAY,taker,268,0.186,0.814,0.05,218.102,218.102
104,F-635aeefe6ad3,O-3b359de45979,P-8a95879036,2026-02-02T05:04:20.587066Z,aec-nhl-veg-ana-2026-02-01,NO,Ducks,SELL,SELL_SHORT,LIMIT,DAY,taker,88,0.186,0.814,0.016,71.616,71.616
105,F-d0865ed09efe,O-a1288202663d,P-8a95879036,2026-02-02T05:13:46.118148Z,aec-nhl-veg-ana-2026-02-01,NO,Ducks,BUY,BUY_SHORT,LIMIT,DAY,taker,14,0.065,0.935,0.013,-13.103,13.103
106,F-d44f381cc0da,O-a1288202663d,P-8a95879036,2026-02-02T05:13:46.118148Z,aec-nhl-veg-ana-2026-02-01,NO,Ducks,BUY,BUY_SHORT,LIMIT,DAY,taker,300,0.058,0.942,0.283,-282.883,282.883
107,F-d61eec358176,O-a1288202663d,P-8a95879036,2026-02-02T05:13:46.118148Z,aec-nhl-veg-ana-2026-02-01,NO,Ducks,BUY,BUY_SHORT,LIMIT,DAY,taker,4,0.048,0.952,0.004,-3.812,3.812
108,F-f855e165c372,O-9c25f6bfdc6b,P-dc08339869,2026-02-03T02:24:56.103538Z,aec-nhl-ott-pit-2026-02-02,NO,Penguins,BUY,BUY_SHORT,LIMIT,DAY,taker,11,0.556,0.444,0.005,-4.889,4.889
109,F-3c0fe32a3ba1,O-b3d69d684b7e,P-dc08339869,2026-02-03T02:25:36.842020Z,aec-nhl-ott-pit-2026-02-02,NO,Penguins,SELL,SELL_SHORT,LIMIT,IMMEDIATE_OR_CANCEL,taker,11,0.863,0.137,0.009,1.498,1.498
110,F-66718dedac5a,O-b3db1f18c01e,P-a00bf10a9f,2026-02-03T02:25:59.815689Z,aec-nba-hou-ind-2026-02-02,YES,Rockets,BUY,BUY_LONG,LIMIT,DAY,taker,116,0.861,0.861,0.1,-99.976,99.976
111,F-a3d6b62c6df1,O-575690c4736f,P-e493a5ff7d,2026-02-03T02:26:16.659891Z,aec-nba-min-mem-2026-02-02,NO,Grizzlies,BUY,BUY_SHORT,LIMIT,DAY,taker,85,0.419,0.581,0.049,-49.434,49.434
112,F-000e44b3ba9f,O-a477a79aa53f,P-e493a5ff7d,2026-02-03T02:33:50.417380Z,aec-nba-min-mem-2026-02-02,NO,Grizzlies,BUY,BUY_SHORT,LIMIT,DAY,taker,14,0.187,0.813,0.011,-11.393,11.393
113,F-f11d63b58a4b,O-a477a79aa53f,P-e493a5ff7d,2026-02-03T02:33:50.417380Z,aec-nba-min-mem-2026-02-02,NO,Grizzlies,BUY,BUY_SHORT,LIMIT,DAY,taker,300,0.179,0.821,0.246,-246.546,246.546
114,F-590581c56263,O-a477a79aa53f,P-e493a5ff7d,2026-02-03T02:33:50.417380Z,aec-nba-min-mem-2026-02-02,NO,Grizzlies,BUY,BUY_SHORT,LIMIT,DAY,taker,51,0.178,0.822,0.042,-41.964,41.964
115,F-85995f3ab5c9,O-e01f5359b043,P-e493a5ff7d,2026-02-03T02:43:48.870836Z,aec-nba-min-mem-2026-02-02,NO,Grizzlies,BUY,BUY_SHORT,LIMIT,DAY,taker,13,0.047,0.953,0.012,-12.401,12.401
116,F-25c17d27e9f8,O-e01f5359b043,P-e493a5ff7d,2026-02-03T02:43:48.870836Z,aec-nba-min-mem-2026-02-02,NO,Grizzlies,BUY,BUY_SHORT,LIMIT,DAY,taker,13,0.047,0.953,0.012,-12.401,12.401
117,F-ca7c3f3a7ee6,O-e01f5359b043,P-e493a5ff7d,2026-02-03T02:43:48.870836Z,aec-nba-min-mem-2026-02-02,NO,Grizzlies,BUY,BUY_SHORT,LIMIT,DAY,taker,230,0.036,0.964,0.222,-221.942,221.942
118,F-ef69ba886e9c,O-026b6899e9b2,P-476e0518c4,2026-02-03T03:36:10.880744Z,aec-cbb-incar-tamu-2026-02-02,YES,Cardinals,BUY,BUY_LONG,LIMIT,DAY,taker,35,0.563,0.563,0.02,-19.725,19.725
119,F-a859753d94bd,O-ec8760701b5d,P-17ee716853,2026-02-03T03:37:10.561397Z,aec-nba-phi-lac-2026-02-02,YES,76ers,BUY,BUY_LONG,LIMIT,DAY,taker,261,0.765,0.765,0.2,-199.865,199.865
120,F-c6d49c26876e,O-ceec94429cfa,P-17ee716853,2026-02-03T03:37:36.150748Z,aec-nba-phi-lac-2026-02-02,YES,76ers,BUY,BUY_LONG,LIMIT,DAY,taker,192,0.782,0.782,0.15,-150.294,150.294
121,F-0b061c609c48,O-ceec94429cfa,P-17ee716853,2026-02-03T03:37:36.150748Z,aec-nba-phi-lac-2026-02-02,YES,76ers,BUY,BUY_LONG,LIMIT,DAY,taker,63,0.783,0.783,0.049,-49.378,49.378
122,F-aec324d5af87,O-2359cf082e7f,P-17ee716853,2026-02-03T03:48:47.278975Z,aec-nba-phi-lac-2026-02-02,YES,76ers,BUY,BUY_LONG,LIMIT,DAY,taker,323,0.887,0.887,0.287,-286.788,286.788
123,F-d60178ccc967,O-24895ff23014,P-17ee716853,2026-02-03T04:45:28.493325Z,aec-nba-phi-lac-2026-02-02,YES,76ers,BUY,BUY_LONG,LIMIT,DAY,taker,37,0.924,0.924,0.034,-34.222,34.222
124,F-f80355516800,O-3b6e9b1c0e0b,P-4849e60257,2026-02-03T23:46:46.924259Z,aec-cbb-miaoh-buf-2026-02-03,YES,RedHawks,BUY,BUY_LONG,LIMIT,DAY,taker,360,0.832,0.832,0.3,-299.82,299.82
125,F-776e1fac1824,O-7c4d589e9f4e,P-0d9b72b9d8,2026-02-03T23:47:08.802982Z,aec-cbb-akron-emich-2026-02-03,NO,Eagles,BUY,BUY_SHORT,LIMIT,DAY,taker,43,0.885,0.115,0.005,-4.95,4.95
126,F-daca5dfc0590,O-e1bb23e76476,P-4849e60257,2026-02-03T23:48:08.999171Z,aec-cbb-miaoh-buf-2026-02-03,YES,RedHawks,BUY,BUY_LONG,LIMIT,DAY,taker,68,0.731,0.731,0.05,-49.758,49.758
127,F-d5d032c8b3b2,O-3232f6959bb3,P-a7861cc044,2026-02-03T23:48:43.875101Z,aec-cbb-cans-niagra-2026-02-03,NO,Purple Eagles,BUY,BUY_SHORT,LIMIT,DAY,taker,14,0.117,0.883,0.012,-12.374,12.374
128,F-2dd9c7e50e49,O-3232f6959bb3,P-a7861cc044,2026-02-03T23:48:43.875101Z,aec-cbb-cans-niagra-2026-02-03,NO,Purple Eagles,BUY,BUY_SHORT,LIMIT,DAY,taker,13,0.117,0.883,0.011,-11.49,11.49
129,F-060e6e481c31,O-3232f6959bb3,P-a7861cc044,2026-02-03T23:48:43.875101Z,aec-cbb-cans-niagra-2026-02-03,NO,Purple Eagles,BUY,BUY_SHORT,LIMIT,DAY,taker,119,0.105,0.895,0.107,-106.612,106.612
130,F-b302904d1d67,O-3232f6959bb3,P-a7861cc044,2026-02-03T23:48:43.875101Z,aec-cbb-cans-niagra-2026-02-03,NO,Purple Eagles,BUY,BUY_SHORT,LIMIT,DAY,taker,187,0.095,0.905,0.169,-169.404,169.404
131,F-e5dbf8325a09,O-4456e862ae6a,P-0d9b72b9d8,2026-02-03T23:49:00.262083Z,aec-cbb-akron-emich-2026-02-03,NO,Eagles,BUY,BUY_SHORT,LIMIT,DAY,taker,314,0.841,0.159,0.05,-49.976,49.976
132,F-8206bbb72fe2,O-e0e022f7fa26,P-4849e60257,2026-02-04T00:29:03.096914Z,aec-cbb-miaoh-buf-2026-02-03,YES,RedHawks,SELL,SELL_LONG,LIMIT,IMMEDIATE_OR_CANCEL,taker,428,0.834,0.834,0.071,356.881,356.881
133,F-9ea7a9289df1,O-042a2e3c4193,P-7fb3d92b00,2026-02-04T00:30:13.321809Z,aec-cbb-stbon-day-2026-02-03,YES,Bonnies,BUY,BUY_LONG,LIMIT,DAY,taker,18,0.265,0.265,0.005,-4.775,4.775
134,F-f1c48565bb90,O-147cb5f84f28,P-f023c77e83,2026-02-04T00:30:32.916504Z,aec-cbb-miss-tenn-2026-02-03,YES,Rebels,BUY,BUY_LONG,LIMIT,DAY,taker,13,0.11,0.11,0.001,-1.431,1.431
135,F-6ca46cd62b71,O-147cb5f84f28,P-f023c77e83,2026-02-04T00:30:32.916504Z,aec-cbb-miss-tenn-2026-02-03,YES,Rebels,BUY,BUY_LONG,LIMIT,DAY,taker,31,0.114,0.114,0.004,-3.538,3.538
136,F-adb18048f3ab,O-a77a69fec07c,P-c8647cf31c,2026-02-04T00:31:11.332457Z,aec-cbb-sill-illst-2026-02-03,YES,Salukis,BUY,BUY_LONG,LIMIT,DAY,taker,16,0.31,0.31,0.005,-4.965,4.965
137,F-64840395cd70,O-cbdb0ba92ed2,P-dcfa139010,2026-02-04T00:31:59.205565Z,aec-cbb-sc-tx-2026-02-03,YES,Gamecocks,BUY,BUY_LONG,LIMIT,DAY,taker,13,0.188,0.188,0.002,-2.446,2.446
138,F-23428bcca401,O-cbdb0ba92ed2,P-dcfa139010,2026-02-04T00:31:59.205565Z,aec-cbb-sc-tx-2026-02-03,YES,Gamecocks,BUY,BUY_LONG,LIMIT,DAY,taker,39,0.192,0.192,0.007,-7.495,7.495
139,F-1e129820b219,O-1a1a65e51695,P-848c8e826f,2026-02-04T00:32:31.048481Z,aec-cbb-xav-uconn-2026-02-03,YES,Musketeers,BUY,BUY_LONG,LIMIT,DAY,taker,13,0.01,0.01,0,-0.13,0.13
140,F-6c67530bb3cf,O-1a1a65e51695,P-848c8e826f,2026-02-04T00:32:31.048481Z,aec-cbb-xav-uconn-2026-02-03,YES,Musketeers,BUY,BUY_LONG,LIMIT,DAY,taker,57,0.018,0.018,0.001,-1.027,1.027
141,F-0018d7a4cc04,O-1a1a65e51695,P-848c8e826f,2026-02-04T00:32:31.048481Z,aec-cbb-xav-uconn-2026-02-03,YES,Musketeers,BUY,BUY_LONG,LIMIT,DAY,taker,213,0.018,0.018,0.004,-3.838,3.838
142,F-0dcc8181ff5f,O-c86616c20a98,P-7e7cd1b1f9,2026-02-04T00:33:00.615599Z,aec-cbb-kentst-toledo-2026-02-03,YES,Golden Flashes,BUY,BUY_LONG,LIMIT,DAY,taker,13,0.341,0.341,0.004,-4.437,4.437
143,F-b07a522714b5,O-c86616c20a98,P-7e7cd1b1f9,2026-02-04T00:33:00.615599Z,aec-cbb-kentst-toledo-2026-02-03,YES,Golden Flashes,BUY,BUY_LONG,LIMIT,DAY,taker,10,0.341,0.341,0.003,-3.413,3.413
144,F-affafa72fda7,O-e313e234e8fc,P-dc7331e8f5,2026-02-04T00:35:18.073742Z,aec-nba-ny-was-2026-02-03,YES,Knicks,BUY,BUY_LONG,LIMIT,DAY,taker,13,0.942,0.942,0.012,-12.258,12.258
145,F-7fc9b6929c8f,O-e313e234e8fc,P-dc7331e8f5,2026-02-04T00:35:18.073742Z,aec-nba-ny-was-2026-02-03,YES,Knicks,BUY,BUY_LONG,LIMIT,DAY,taker,300,0.956,0.956,0.287,-287.087,287.087
146,F-c3af9044e778,O-e46b7b91cfec,P-dc946c6090,2026-02-04T00:35:38.213974Z,aec-nba-uta-ind-2026-02-03,NO,Pacers,BUY,BUY_SHORT,LIMIT,DAY,taker,46,0.462,0.538,0.025,-24.773,24.773
147,F-cff74047cfb5,O-e3d2bf43618a,P-dc946c6090,2026-02-04T00:40:17.528569Z,aec-nba-uta-ind-2026-02-03,NO,Pacers,BUY,BUY_SHORT,LIMIT,DAY,taker,169,0.411,0.589,0.1,-99.641,99.641
148,F-8c0ed0caafc8,O-b8f631eac98a,P-a7861cc044,2026-02-04T00:43:19.135951Z,aec-cbb-cans-niagra-2026-02-03,NO,Purple Eagles,SELL,SELL_SHORT,LIMIT,DAY,taker,293,0.158,0.842,0.046,246.66,246.66
149,F-2c3595878a54,O-0cee898fe3b5,P-0d9b72b9d8,2026-02-04T00:43:34.014695Z,aec-cbb-akron-emich-2026-02-03,NO,Eagles,BUY,BUY_SHORT,LIMIT,DAY,taker,138,0.639,0.361,0.05,-49.868,49.868
150,F-c281d24a9712,O-8e5047b4e895,P-a7861cc044,2026-02-04T01:02:38.172387Z,aec-cbb-cans-niagra-2026-02-03,NO,Purple Eagles,SELL,SELL_SHORT,LIMIT,IMMEDIATE_OR_CANCEL,taker,40,0.235,0.765,0.009,30.591,30.591
151,F-ff284a7e2b93,O-4ed3f1f4d350,P-0d9b72b9d8,2026-02-04T01:03:00.757299Z,aec-cbb-akron-emich-2026-02-03,NO,Eagles,SELL,SELL_SHORT,LIMIT,DAY,taker,13,0.495,0.505,0.006,6.559,6.559
152,F-d7644db34470,O-4ed3f1f4d350,P-0d9b72b9d8,2026-02-04T01:03:00.757299Z,aec-cbb-akron-emich-2026-02-03,NO,Eagles,SELL,SELL_SHORT,LIMIT,DAY,taker,190,0.496,0.504,0.094,95.666,95.666
153,F-ee944f703e6e,O-8eee5558cf54,P-7fb3d92b00,2026-02-04T01:03:28.315619Z,aec-cbb-stbon-day-2026-02-03,YES,Bonnies,SELL,SELL_LONG,LIMIT,IMMEDIATE_OR_CANCEL,taker,13,0.061,0.061,0.012,0.781,0.781
154,F-20dd5f6e38da,O-8eee5558cf54,P-7fb3d92b00,2026-02-04T01:03:28.315619Z,aec-cbb-stbon-day-2026-02-03,YES,Bonnies,SELL,SELL_LONG,LIMIT,IMMEDIATE_OR_CANCEL,taker,5,0.06,0.06,0.005,0.295,0.295
155,F-50edea3e522c,O-967d46ecaefe,P-c8647cf31c,2026-02-04T01:03:54.136969Z,aec-cbb-sill-illst-2026-02-03,YES,Salukis,BUY,BUY_LONG,LIMIT,DAY,taker,14,0.238,0.238,0.003,-3.335,3.335
156,F-c1d5605da0f8,O-967d46ecaefe,P-c8647cf31c,2026-02-04T01:03:54.136969Z,aec-cbb-sill-illst-2026-02-03,YES,Salukis,BUY,BUY_LONG,LIMIT,DAY,taker,66,0.25,0.25,0.016,-16.516,16.516
157,F-038af354c465,O-58a5d059e9f5,P-7e7cd1b1f9,2026-02-04T01:04:07.329656Z,aec-cbb-kentst-toledo-2026-02-03,YES,Golden Flashes,SELL,SELL_LONG,LIMIT,IMMEDIATE_OR_CANCEL,taker,23,0.148,0.148,0.02,3.384,3.384
158,F-d5ba7cf254b5,O-ef73b598870f,P-848c8e826f,2026-02-04T01:04:25.100636Z,aec-cbb-xav-uconn-2026-02-03,YES,Musketeers,SELL,SELL_LONG,LIMIT,IMMEDIATE_OR_CANCEL,taker,12,0.01,0.01,0.012,0.108,0.108
159,F-45f26c5f6891,O-ef73b598870f,P-848c8e826f,2026-02-04T01:04:25.100636Z,aec-cbb-xav-uconn-2026-02-03,YES,Musketeers,SELL,SELL_LONG,LIMIT,IMMEDIATE_OR_CANCEL,taker,117,0.01,0.01,0.116,1.054,1.054
160,F-ea37d317e66f,O-ef73b598870f,P-848c8e826f,2026-02-04T01:04:25.100636Z,aec-cbb-xav-uconn-2026-02-03,YES,Musketeers,SELL,SELL_LONG,LIMIT,IMMEDIATE_OR_CANCEL,taker,154,0.001,0.001,0.154,0,0
161,F-fd3de52ab214,O-1c8da7c7c2f2,P-1546c85eb2,2026-02-04T01:04:57.704755Z,aec-cbb-stbon-day-2026-02-03,NO,Flyers,BUY,BUY_SHORT,LIMIT,DAY,taker,13,0.07,0.93,0.012,-12.102,12.102
162,F-1f3a3c72f403,O-1c8da7c7c2f2,P-1546c85eb2,2026-02-04T01:04:57.704755Z,aec-cbb-stbon-day-2026-02-03,NO,Flyers,BUY,BUY_SHORT,LIMIT,DAY,taker,93,0.06,0.94,0.087,-87.507,87.507
163,F-b242156ee82b,O-fbf272561ff0,P-530931dc42,2026-02-04T01:05:23.712093Z,aec-cbb-vcu-fordm-2026-02-03,YES,Rams,BUY,BUY_LONG,LIMIT,DAY,taker,14,0.934,0.934,0.013,-13.089,13.089
164,F-d88ccb90df25,O-fbf272561ff0,P-530931dc42,2026-02-04T01:05:23.712093Z,aec-cbb-vcu-fordm-2026-02-03,YES,Rams,BUY,BUY_LONG,LIMIT,DAY,taker,91,0.949,0.949,0.086,-86.445,86.445
165,F-0d37cb2829ef,O-024b7010ce82,P-04ddf6e9a3,2026-02-04T01:05:54.147989Z,aec-cbb-cans-niagra-2026-02-03,YES,Golden Griffins,BUY,BUY_LONG,LIMIT,DAY,taker,55,0.07,0.07,0.004,-3.854,3.854
166,F-453fa798fcb3,O-024b7010ce82,P-04ddf6e9a3,2026-02-04T01:05:54.147989Z,aec-cbb-cans-niagra-2026-02-03,YES,Golden Griffins,BUY,BUY_LONG,LIMIT,DAY,taker,16,0.071,0.071,0.001,-1.137,1.137
167,F-7f3ee7c53468,O-6e1a4c088d13,P-46e889d21b,2026-02-04T01:06:30.807638Z,aec-cbb-cmich-umass-2026-02-03,YES,Chippewas,BUY,BUY_LONG,LIMIT,DAY,taker,55,0.452,0.452,0.025,-24.885,24.885
168,F-f13724d6038d,O-64a9a399434d,P-4435f219e8,2026-02-04T01:06:45.993574Z,aec-cbb-lasal-loych-2026-02-03,YES,Explorers,BUY,BUY_LONG,LIMIT,DAY,taker,13,0.669,0.669,0.009,-8.706,8.706
169,F-0dcf14b25b45,O-64a9a399434d,P-4435f219e8,2026-02-04T01:06:45.993574Z,aec-cbb-lasal-loych-2026-02-03,YES,Explorers,BUY,BUY_LONG,LIMIT,DAY,taker,1,0.669,0.669,0.001,-0.67,0.67
170,F-e014bb45efc7,O-5bad6c22a53a,P-04ddf6e9a3,2026-02-04T01:12:02.040304Z,aec-cbb-cans-niagra-2026-02-03,YES,Golden Griffins,SELL,SELL_LONG,LIMIT,IMMEDIATE_OR_CANCEL,taker,69,0.01,0.01,0.068,0.622,0.622
171,F-e8c7a685a23b,O-5bad6c22a53a,P-04ddf6e9a3,2026-02-04T01:12:02.040304Z,aec-cbb-cans-niagra-2026-02-03,YES,Golden Griffins,SELL,SELL_LONG,LIMIT,IMMEDIATE_OR_CANCEL,taker,2,0.01,0.01,0.002,0.018,0.018
172,F-f34508ac01c9,O-23a5067f13a9,P-0d9b72b9d8,2026-02-04T01:12:18.909909Z,aec-cbb-akron-emich-2026-02-03,NO,Eagles,BUY,BUY_SHORT,LIMIT,DAY,taker,123,0.798,0.202,0.025,-24.871,24.871
173,F-f9de4123a369,O-39dfc0c39985,P-f023c77e83,2026-02-04T01:12:53.188652Z,aec-cbb-miss-tenn-2026-02-03,YES,Rebels,SELL,SELL_LONG,LIMIT,IMMEDIATE_OR_CANCEL,taker,44,0.118,0.118,0.039,5.153,5.153
174,F-f66572d0b514,O-179677612f67,P-4435f219e8,2026-02-04T01:13:54.415686Z,aec-cbb-lasal-loych-2026-02-03,YES,Explorers,BUY,BUY_LONG,LIMIT,DAY,taker,14,0.693,0.693,0.01,-9.712,9.712
175,F-ed1be19f6a95,O-179677612f67,P-4435f219e8,2026-02-04T01:13:54.415686Z,aec-cbb-lasal-loych-2026-02-03,YES,Explorers,BUY,BUY_LONG,LIMIT,DAY,taker,57,0.694,0.694,0.04,-39.598,39.598
176,F-8a70c7826016,O-ce0e91e71447,P-0d9b72b9d8,2026-02-04T01:21:59.258934Z,aec-cbb-akron-emich-2026-02-03,NO,Eagles,SELL,SELL_SHORT,LIMIT,DAY,taker,190,0.752,0.248,0.143,46.977,46.977
177,F-e7d7b7c9d5a8,O-b86ff6e3ad53,P-0d9b72b9d8,2026-02-04T01:22:36.714393Z,aec-cbb-akron-emich-2026-02-03,NO,Eagles,SELL,SELL_SHORT,LIMIT,DAY,taker,78,0.744,0.256,0.058,19.91,19.91
178,F-2609eb0e2b93,O-74459e828943,P-1546c85eb2,2026-02-04T01:32:32.796589Z,aec-cbb-stbon-day-2026-02-03,NO,Flyers,SELL,SELL_SHORT,LIMIT,IMMEDIATE_OR_CANCEL,taker,14,0.329,0.671,0.005,9.389,9.389
179,F-d56e79c37b57,O-74459e828943,P-1546c85eb2,2026-02-04T01:32:32.796589Z,aec-cbb-stbon-day-2026-02-03,NO,Flyers,SELL,SELL_SHORT,LIMIT,IMMEDIATE_OR_CANCEL,taker,14,0.33,0.67,0.005,9.375,9.375
180,F-292fd0754a8b,O-74459e828943,P-1546c85eb2,2026-02-04T01:32:32.796589Z,aec-cbb-stbon-day-2026-02-03,NO,Flyers,SELL,SELL_SHORT,LIMIT,IMMEDIATE_OR_CANCEL,taker,26,0.366,0.634,0.01,16.474,16.474
181,F-2c95762316cd,O-74459e828943,P-1546c85eb2,2026-02-04T01:32:32.796589Z,aec-cbb-stbon-day-2026-02-03,NO,Flyers,SELL,SELL_SHORT,LIMIT,IMMEDIATE_OR_CANCEL,taker,52,0.367,0.633,0.019,32.897,32.897
182,F-c314773f5cfb,O-cae0c0ee7ce5,P-dc946c6090,2026-02-04T01:33:28.054737Z,aec-nba-uta-ind-2026-02-03,NO,Pacers,SELL,SELL_SHORT,LIMIT,DAY,taker,12,0.719,0.281,0.009,3.363,3.363
183,F-aef92b654141,O-cae0c0ee7ce5,P-dc946c6090,2026-02-04T01:33:28.054737Z,aec-nba-uta-ind-2026-02-03,NO,Pacers,SELL,SELL_SHORT,LIMIT,DAY,taker,12,0.719,0.281,0.009,3.363,3.363
184,F-f37ff7ad43c1,O-cae0c0ee7ce5,P-dc946c6090,2026-02-04T01:33:28.054737Z,aec-nba-uta-ind-2026-02-03,NO,Pacers,SELL,SELL_SHORT,LIMIT,DAY,taker,136,0.719,0.281,0.098,38.118,38.118
185,F-b96dc275ce93,O-01dd5956b37c,P-a2b9fc75c8,2026-02-04T04:38:00.231894Z,aec-nba-phi-gs-2026-02-03,YES,76ers,BUY,BUY_LONG,LIMIT,DAY,taker,319,0.818,0.818,0.261,-261.203,261.203
186,F-3b8460313669,O-01dd5956b37c,P-a2b9fc75c8,2026-02-04T04:38:00.231894Z,aec-nba-phi-gs-2026-02-03,YES,76ers,BUY,BUY_LONG,LIMIT,DAY,taker,21,0.82,0.82,0.017,-17.237,17.237
187,F-7c4ec085ab0f,O-01dd5956b37c,P-a2b9fc75c8,2026-02-04T04:38:00.231894Z,aec-nba-phi-gs-2026-02-03,YES,76ers,BUY,BUY_LONG,LIMIT,DAY,taker,26,0.825,0.825,0.021,-21.471,21.471
188,F-ffba286a2346,O-73da684b065d,P-272c9281bf,2026-02-04T04:38:11.912581Z,aec-nba-pho-por-2026-02-03,NO,Trail Blazers,BUY,BUY_SHORT,LIMIT,DAY,taker,12,0.3,0.7,0.008,-8.408,8.408
189,F-c8732e5423c0,O-73da684b065d,P-272c9281bf,2026-02-04T04:38:11.912581Z,aec-nba-pho-por-2026-02-03,NO,Trail Blazers,BUY,BUY_SHORT,LIMIT,DAY,taker,58,0.293,0.707,0.041,-41.047,41.047
190,F-c26d0ff0c318,O-329ef71ff7d2,P-0a47c3706d,2026-02-04T04:38:49.590906Z,aec-cbb-ind-usc-2026-02-03,NO,Trojans,BUY,BUY_SHORT,LIMIT,DAY,taker,50,0.174,0.826,0.041,-41.341,41.341
191,F-5e8eee443053,O-329ef71ff7d2,P-0a47c3706d,2026-02-04T04:38:49.590906Z,aec-cbb-ind-usc-2026-02-03,NO,Trojans,BUY,BUY_SHORT,LIMIT,DAY,taker,10,0.174,0.826,0.008,-8.268,8.268
192,F-e7a9573d4e47,O-d6ef50a703d4,P-272c9281bf,2026-02-04T04:40:12.227750Z,aec-nba-pho-por-2026-02-03,NO,Trail Blazers,BUY,BUY_SHORT,LIMIT,DAY,taker,34,0.269,0.731,0.025,-24.879,24.879
193,F-ae489ba19f55,O-d6ef50a703d4,P-272c9281bf,2026-02-04T04:40:12.227750Z,aec-nba-pho-por-2026-02-03,NO,Trail Blazers,BUY,BUY_SHORT,LIMIT,DAY,taker,170,0.268,0.732,0.124,-124.564,124.564
194,F-eb73122cb11a,O-d00c7851c0d7,P-0a47c3706d,2026-02-04T05:07:15.620702Z,aec-cbb-ind-usc-2026-02-03,NO,Trojans,BUY,BUY_SHORT,LIMIT,DAY,taker,104,0.044,0.956,0.099,-99.523,99.523
195,F-6b656032e9bd,O-dddeaf3525ec,P-33d7e1d27e,2026-02-05T03:46:12.019777Z,aec-nba-okc-sa-2026-02-04,NO,Spurs,BUY,BUY_SHORT,LIMIT,DAY,taker,210,0.05,0.95,0.2,-199.7,199.7
196,F-42a839fd8915,O-6a6d87697ff3,P-b6bfbb1aa7,2026-02-05T03:57:57.342492Z,aec-cbb-byu-okst-2026-02-04,NO,Cowboys,BUY,BUY_SHORT,LIMIT,DAY,taker,202,0.015,0.985,0.199,-199.169,199.169
197,F-7b041875affb,O-8f9c75c2c668,P-2368381ec2,2026-02-05T03:58:27.351279Z,aec-cbb-gnzg-port-2026-02-04,NO,Pilots,BUY,BUY_SHORT,LIMIT,DAY,taker,29,0.828,0.172,0.005,-4.993,4.993
198,F-a1dbd4e5fbe3,O-cd25b30bfb54,P-2368381ec2,2026-02-05T04:00:31.327251Z,aec-cbb-gnzg-port-2026-02-04,NO,Pilots,BUY,BUY_SHORT,LIMIT,DAY,taker,145,0.828,0.172,0.025,-24.965,24.965
199,F-e8aa55adb156,O-d8e509e39478,P-cef2b36c6b,2026-02-05T04:02:18.846070Z,aec-nba-cle-lac-2026-02-04,YES,Cavaliers,BUY,BUY_LONG,LIMIT,DAY,taker,125,0.797,0.797,0.1,-99.725,99.725
200,F-89a8a64502df,O-889313da3001,P-4d9e3a5867,2026-02-05T23:04:27.268661Z,aec-cbb-bing-umbc-2026-02-05,YES,Bearcats,BUY,BUY_LONG,LIMIT,DAY,taker,12,0.158,0.158,0.002,-1.898,1.898
201,F-4dc20b45fa30,O-4e67771b41d2,P-debd7ad824,2026-02-05T23:17:02.019264Z,aec-cbb-verm-maine-2026-02-05,NO,Black Bears,BUY,BUY_SHORT,LIMIT,DAY,taker,27,0.637,0.363,0.01,-9.811,9.811
202,F-0dee6b32a661,O-3fc5cd8ea2e4,P-da47f07c7c,2026-02-05T23:18:22.224257Z,aec-cbb-pennst-mich-2026-02-05,YES,Nittany Lions,BUY,BUY_LONG,LIMIT,DAY,taker,28,0.035,0.035,0.001,-0.981,0.981
203,F-d2190adaa128,O-969731763b14,P-4d9e3a5867,2026-02-05T23:46:15.559388Z,aec-cbb-bing-umbc-2026-02-05,YES,Bearcats,SELL,SELL_LONG,LIMIT,IMMEDIATE_OR_CANCEL,taker,12,0.029,0.029,0.012,0.336,0.336
204,F-559cfaad9719,O-0fbed75a9983,P-0b3b0d164d,2026-02-05T23:47:55.323903Z,aec-cbb-albny-bryant-2026-02-05,NO,Bulldogs,BUY,BUY_SHORT,LIMIT,DAY,taker,128,0.225,0.775,0.099,-99.299,99.299
205,F-50fa955e08da,O-7ce1d81a9473,P-debd7ad824,2026-02-05T23:53:45.842817Z,aec-cbb-verm-maine-2026-02-05,NO,Black Bears,BUY,BUY_SHORT,LIMIT,DAY,taker,129,0.23,0.77,0.099,-99.429,99.429
206,F-078ae42f7217,O-2a3367260246,P-0b3b0d164d,2026-02-05T23:54:43.424110Z,aec-cbb-albny-bryant-2026-02-05,NO,Bulldogs,SELL,SELL_SHORT,LIMIT,DAY,taker,53,0.324,0.676,0.017,35.811,35.811
207,F-62a82e4c3d0a,O-7077ec89e08b,P-debd7ad824,2026-02-05T23:54:52.189473Z,aec-cbb-verm-maine-2026-02-05,NO,Black Bears,BUY,BUY_SHORT,LIMIT,DAY,taker,65,0.235,0.765,0.05,-49.775,49.775
208,F-830c5b770558,O-23550eb48b1e,P-768fb800aa,2026-02-06T00:34:22.414830Z,aec-cbb-chist-cencon-2026-02-05,YES,Cougars,BUY,BUY_LONG,LIMIT,DAY,taker,19,0.259,0.259,0.005,-4.926,4.926
209,F-70b32ab5f8a6,O-55398b607c00,P-3df5715f24,2026-02-06T00:39:26.501281Z,aec-nba-was-det-2026-02-05,YES,Wizards,BUY,BUY_LONG,LIMIT,DAY,taker,343,0.291,0.291,0.1,-99.913,99.913
210,F-3f96a78a3231,O-71314a86e4f6,P-9f8ba7a775,2026-02-06T00:42:22.652993Z,aec-nhl-car-nyr-2026-02-05,NO,Rangers,BUY,BUY_SHORT,LIMIT,DAY,taker,23,0.789,0.211,0.005,-4.858,4.858
211,F-9677dd9086d6,O-c5e38bfe607d,P-6ffacd5c60,2026-02-06T00:44:37.687597Z,aec-nhl-fla-tb-2026-02-05,YES,Panthers,BUY,BUY_LONG,LIMIT,DAY,taker,12,0.242,0.242,0.003,-2.907,2.907
212,F-1120474975ad,O-5cc09158383d,P-02da8edaba,2026-02-06T00:46:09.685516Z,aec-cbb-drexel-camp-2026-02-05,YES,Dragons,BUY,BUY_LONG,LIMIT,DAY,taker,97,0.511,0.511,0.05,-49.617,49.617
213,F-38110d180e7a,O-0c3222e3784b,P-3ad1cdff73,2026-02-06T00:49:27.197678Z,aec-cbb-iona-siena-2026-02-05,YES,Gaels,BUY,BUY_LONG,LIMIT,DAY,taker,65,0.539,0.539,0.035,-35.07,35.07
214,F-04ab5220a9da,O-0c3222e3784b,P-3ad1cdff73,2026-02-06T00:49:27.197678Z,aec-cbb-iona-siena-2026-02-05,YES,Gaels,BUY,BUY_LONG,LIMIT,DAY,taker,27,0.541,0.541,0.015,-14.622,14.622
215,F-e7d4e626562a,O-c08c4cc73200,P-d05019d734,2026-02-06T00:50:42.231508Z,aec-cbb-nfl-uwg-2026-02-05,YES,Ospreys,BUY,BUY_LONG,LIMIT,DAY,taker,10,0.273,0.273,0.003,-2.733,2.733
216,F-adeffd364f55,O-8b930a237a36,P-3df5715f24,2026-02-06T00:51:39.557938Z,aec-nba-was-det-2026-02-05,YES,Wizards,BUY,BUY_LONG,LIMIT,DAY,taker,65,0.51,0.51,0.033,-33.183,33.183
217,F-a7117e256166,O-8b930a237a36,P-3df5715f24,2026-02-06T00:51:39.557938Z,aec-nba-was-det-2026-02-05,YES,Wizards,BUY,BUY_LONG,LIMIT,DAY,taker,130,0.513,0.513,0.067,-66.757,66.757
218,F-dba32c7e19d6,O-3b277ae80a27,P-6bfa0e2719,2026-02-06T00:52:37.666466Z,aec-nba-uta-atl-2026-02-05,YES,Jazz,BUY,BUY_LONG,LIMIT,DAY,taker,15,0.322,0.322,0.005,-4.835,4.835
219,F-f3e02f3e0c83,O-6b5b6c03a614,P-ca3190d76e,2026-02-06T01:01:32.450753Z,aec-nba-chi-tor-2026-02-05,YES,Bulls,BUY,BUY_LONG,LIMIT,DAY,taker,14,0.179,0.179,0.003,-2.509,2.509
220,F-1197af103bc3,O-6b5b6c03a614,P-ca3190d76e,2026-02-06T01:01:32.450753Z,aec-nba-chi-tor-2026-02-05,YES,Bulls,BUY,BUY_LONG,LIMIT,DAY,taker,13,0.187,0.187,0.002,-2.433,2.433
221,F-2388238b87fd,O-e17c858080b6,P-3df5715f24,2026-02-06T01:07:10.703325Z,aec-nba-was-det-2026-02-05,YES,Wizards,SELL,SELL_LONG,LIMIT,IMMEDIATE_OR_CANCEL,taker,538,0.229,0.229,0.415,122.787,122.787
222,F-4d7db13ef82d,O-4ed0865376a5,P-6ffacd5c60,2026-02-06T01:13:54.297448Z,aec-nhl-fla-tb-2026-02-05,YES,Panthers,SELL,SELL_LONG,LIMIT,IMMEDIATE_OR_CANCEL,taker,12,0.091,0.091,0.011,1.081,1.081
223,F-4d38a82e18a8,O-18a96c068e48,P-903bddca27,2026-02-06T01:15:54.486123Z,aec-cbb-merc-chat-2026-02-05,YES,Bears,BUY,BUY_LONG,LIMIT,DAY,taker,18,0.53,0.53,0.01,-9.55,9.55
224,F-6608dc604f15,O-755fa07da374,P-3ad1cdff73,2026-02-06T01:16:20.914577Z,aec-cbb-iona-siena-2026-02-05,YES,Gaels,BUY,BUY_LONG,LIMIT,DAY,taker,96,0.518,0.518,0.05,-49.778,49.778
225,F-beb9ecad7f47,O-a7e3dbda939f,P-d05019d734,2026-02-06T01:16:39.375871Z,aec-cbb-nfl-uwg-2026-02-05,YES,Ospreys,BUY,BUY_LONG,LIMIT,DAY,taker,59,0.423,0.423,0.025,-24.982,24.982
226,F-98cc635ad153,O-ed776fd583ca,P-f18584d5c2,2026-02-06T01:18:52.820729Z,aec-cbb-stpete-manh-2026-02-05,NO,Jaspers,BUY,BUY_SHORT,LIMIT,DAY,taker,30,0.836,0.164,0.005,-4.925,4.925
227,F-0eb9f5eea5f0,O-588a1bc37c41,P-3ad1cdff73,2026-02-06T01:28:10.652145Z,aec-cbb-iona-siena-2026-02-05,YES,Gaels,SELL,SELL_LONG,LIMIT,IMMEDIATE_OR_CANCEL,taker,188,0.148,0.148,0.16,27.664,27.664
228,F-19478f09c2f7,O-98a9c6068350,P-503a24c4f2,2026-02-06T01:29:41.899831Z,aec-cbb-iona-siena-2026-02-05,NO,Saints,BUY,BUY_SHORT,LIMIT,DAY,taker,119,0.166,0.834,0.099,-99.345,99.345
229,F-df78e267ca4a,O-466cae9eb608,P-89c4ee0540,2026-02-06T01:29:51.676345Z,aec-cbb-monm-stbr-2026-02-05,YES,Hawks,BUY,BUY_LONG,LIMIT,DAY,taker,63,0.796,0.796,0.05,-50.198,50.198
230,F-9ee19f3db22e,O-466cae9eb608,P-89c4ee0540,2026-02-06T01:29:51.676345Z,aec-cbb-monm-stbr-2026-02-05,YES,Hawks,BUY,BUY_LONG,LIMIT,DAY,taker,62,0.801,0.801,0.05,-49.712,49.712
231,F-4a0c1007ad5d,O-1f61ba472a09,P-ea9b9ca46a,2026-02-06T01:30:21.834363Z,aec-cbb-flgc-ekent-2026-02-05,YES,Eagles,BUY,BUY_LONG,LIMIT,DAY,taker,54,0.916,0.916,0.049,-49.513,49.513
232,F-3361802a6fde,O-2d795290e111,P-441ab70e7d,2026-02-06T01:31:19.618398Z,aec-cbb-nhvn-liub-2026-02-05,NO,Sharks,BUY,BUY_SHORT,LIMIT,DAY,taker,65,0.239,0.761,0.049,-49.514,49.514
233,F-d14fab4dd9d2,O-0ceffeae7fe8,P-441ab70e7d,2026-02-06T01:31:30.279256Z,aec-cbb-nhvn-liub-2026-02-05,NO,Sharks,SELL,SELL_SHORT,LIMIT,IMMEDIATE_OR_CANCEL,taker,65,0.293,0.707,0.019,45.936,45.936
234,F-f0003791c8fb,O-9d3c27ef0f2a,P-c10f8fd63c,2026-02-06T01:32:21.109732Z,aec-cbb-den-ndkst-2026-02-05,YES,Pioneers,BUY,BUY_LONG,LIMIT,DAY,taker,41,0.487,0.487,0.02,-19.987,19.987
235,F-8de31dde1537,O-fd295f1b98d0,P-7c7c6a4684,2026-02-06T01:33:08.668326Z,aec-cbb-stfpa-mrcy-2026-02-05,YES,Red Flash,BUY,BUY_LONG,LIMIT,DAY,taker,73,0.68,0.68,0.05,-49.69,49.69
236,F-3e4879fe6bcb,O-359d38fcbd6b,P-3df5715f24,2026-02-06T01:52:11.533023Z,aec-nba-was-det-2026-02-05,YES,Wizards,BUY,BUY_LONG,LIMIT,DAY,taker,76,0.78,0.78,0.059,-59.339,59.339
237,F-1af34e384bf3,O-359d38fcbd6b,P-3df5715f24,2026-02-06T01:52:11.533023Z,aec-nba-was-det-2026-02-05,YES,Wizards,BUY,BUY_LONG,LIMIT,DAY,taker,115,0.783,0.783,0.09,-90.135,90.135
238,F-2452aa475c15,O-a57ca8d333bb,P-9b748c4967,2026-02-06T01:53:22.631494Z,aec-cbb-wvir-cin-2026-02-05,YES,Mountaineers,BUY,BUY_LONG,LIMIT,DAY,taker,12,0.602,0.602,0.007,-7.231,7.231
239,F-b660c2273ca3,O-a57ca8d333bb,P-9b748c4967,2026-02-06T01:53:22.631494Z,aec-cbb-wvir-cin-2026-02-05,YES,Mountaineers,BUY,BUY_LONG,LIMIT,DAY,taker,29,0.603,0.603,0.017,-17.504,17.504
240,F-655dfba8c6b7,O-342fdaa4016d,P-8605f10410,2026-02-06T01:54:17.406679Z,aec-cbb-elon-hamp-2026-02-05,YES,Phoenix,BUY,BUY_LONG,LIMIT,DAY,taker,109,0.942,0.942,0.103,-102.781,102.781
241,F-71bea411bf89,O-342fdaa4016d,P-8605f10410,2026-02-06T01:54:17.406679Z,aec-cbb-elon-hamp-2026-02-05,YES,Phoenix,BUY,BUY_LONG,LIMIT,DAY,taker,41,0.945,0.945,0.039,-38.784,38.784
242,F-9c6717a7bf34,O-4fb5fe1e9334,P-c10f8fd63c,2026-02-06T02:19:17.382949Z,aec-cbb-den-ndkst-2026-02-05,YES,Pioneers,BUY,BUY_LONG,LIMIT,DAY,taker,268,0.372,0.372,0.1,-99.796,99.796
243,F-e1e212ed884d,O-47b354650b7e,P-8605f10410,2026-02-06T02:32:11.281479Z,aec-cbb-elon-hamp-2026-02-05,YES,Phoenix,BUY,BUY_LONG,LIMIT,DAY,taker,221,0.226,0.226,0.05,-49.996,49.996
244,F-41a1fc55309c,O-5ccd6945fc79,P-8605f10410,2026-02-06T02:32:51.269238Z,aec-cbb-elon-hamp-2026-02-05,YES,Phoenix,BUY,BUY_LONG,LIMIT,DAY,taker,137,0.182,0.182,0.025,-24.959,24.959
245,F-143b902c29bd,O-9970fa22562f,P-8605f10410,2026-02-06T02:37:19.161746Z,aec-cbb-elon-hamp-2026-02-05,YES,Phoenix,SELL,SELL_LONG,LIMIT,IMMEDIATE_OR_CANCEL,taker,500,0.019,0.019,0.49,9.01,9.01
246,F-535790661b8d,O-9970fa22562f,P-8605f10410,2026-02-06T02:37:19.161746Z,aec-cbb-elon-hamp-2026-02-05,YES,Phoenix,SELL,SELL_LONG,LIMIT,IMMEDIATE_OR_CANCEL,taker,8,0.018,0.018,0.008,0.136,0.136
247,F-f1a2fe28edae,O-afec5239be22,P-6a2a197ed8,2026-02-06T02:38:14.339862Z,aec-cbb-ohiost-mary-2026-02-05,YES,Buckeyes,BUY,BUY_LONG,LIMIT,DAY,taker,12,0.915,0.915,0.011,-10.991,10.991
248,F-c64e845880c8,O-afec5239be22,P-6a2a197ed8,2026-02-06T02:38:14.339862Z,aec-cbb-ohiost-mary-2026-02-05,YES,Buckeyes,BUY,BUY_LONG,LIMIT,DAY,taker,96,0.918,0.918,0.088,-88.216,88.216
249,F-5b23832d7836,O-53eb8703ff19,P-8d6b964bc2,2026-02-06T02:40:41.419145Z,aec-cbb-jac-arlr-2026-02-05,YES,Lions,BUY,BUY_LONG,LIMIT,DAY,taker,19,0.504,0.504,0.01,-9.586,9.586
250,F-486c970f04dd,O-07da17fad313,P-2653eb49ca,2026-02-06T02:41:25.859633Z,aec-cbb-neom-ndak-2026-02-05,YES,Mavericks,BUY,BUY_LONG,LIMIT,DAY,taker,18,0.552,0.552,0.01,-9.946,9.946
251,F-b1630e307b7a,O-f328bb5420b8,P-d757204130,2026-02-06T02:51:20.254625Z,aec-cbb-txa-dxst-2026-02-05,YES,Mavericks,BUY,BUY_LONG,LIMIT,DAY,taker,18,0.554,0.554,0.01,-9.982,9.982
252,F-d02a4f2b342e,O-ddfcbadd7438,P-1cd084450e,2026-02-06T02:51:39.660642Z,aec-cbb-ewash-mont-2026-02-05,YES,Eagles,BUY,BUY_LONG,LIMIT,DAY,taker,29,0.338,0.338,0.01,-9.812,9.812
253,F-bbe4f5f66816,O-650abe7253b5,P-e7b5da9c44,2026-02-06T02:52:04.646456Z,aec-cbb-ncol-webst-2026-02-05,YES,Bears,BUY,BUY_LONG,LIMIT,DAY,taker,12,0.811,0.811,0.01,-9.742,9.742
254,F-accefecdd18f,O-edc9838038cb,P-02f8bd4b45,2026-02-06T02:52:15.492314Z,aec-cbb-narz-idhst-2026-02-05,YES,Lumberjacks,BUY,BUY_LONG,LIMIT,DAY,taker,15,0.625,0.625,0.009,-9.384,9.384
255,F-73f9681ee2fc,O-0e003e298117,P-9360673d98,2026-02-06T02:52:29.292769Z,aec-cbb-idaho-monst-2026-02-05,NO,Bobcats,BUY,BUY_SHORT,LIMIT,DAY,taker,11,0.163,0.837,0.009,-9.216,9.216
256,F-89e2656826d1,O-dc534951e5f8,P-af0e9ba36e,2026-02-06T02:52:46.224489Z,aec-cbb-eill-tenst-2026-02-05,YES,Panthers,BUY,BUY_LONG,LIMIT,DAY,taker,30,0.327,0.327,0.01,-9.82,9.82
257,F-e22c07437b42,O-5356d99bc5ab,P-e80e89dfec,2026-02-06T02:53:00.063601Z,aec-cbb-mphs-uab-2026-02-05,YES,Tigers,BUY,BUY_LONG,LIMIT,DAY,taker,14,0.669,0.669,0.009,-9.375,9.375
258,F-7839bf4cb344,O-c0da23706e0c,P-7ab0483ce6,2026-02-06T02:53:24.359100Z,aec-cbb-uscb-ucdv-2026-02-05,NO,Aggies,BUY,BUY_SHORT,LIMIT,DAY,taker,14,0.296,0.704,0.01,-9.866,9.866
259,F-ac6e848a373d,O-b0e08ab3817b,P-ecbd376bba,2026-02-06T02:53:38.252921Z,aec-cbb-jaxst-wkent-2026-02-05,YES,Gamecocks,BUY,BUY_LONG,LIMIT,DAY,taker,25,0.391,0.391,0.01,-9.785,9.785
260,F-f9a685a2b576,O-fccef5587b1d,P-8d6b964bc2,2026-02-06T03:01:22.716680Z,aec-cbb-jac-arlr-2026-02-05,YES,Lions,BUY,BUY_LONG,LIMIT,DAY,taker,127,0.743,0.743,0.094,-94.455,94.455
261,F-293fb8f4ed54,O-fccef5587b1d,P-8d6b964bc2,2026-02-06T03:01:22.716680Z,aec-cbb-jac-arlr-2026-02-05,YES,Lions,BUY,BUY_LONG,LIMIT,DAY,taker,7,0.744,0.744,0.005,-5.213,5.213
262,F-6f70a57a4537,O-4ad871522563,P-af0e9ba36e,2026-02-06T03:01:52.002898Z,aec-cbb-eill-tenst-2026-02-05,YES,Panthers,BUY,BUY_LONG,LIMIT,DAY,taker,142,0.386,0.386,0.055,-54.867,54.867
263,F-2872889d3d51,O-cfadb1b37d9a,P-af0e9ba36e,2026-02-06T03:07:27.101072Z,aec-cbb-eill-tenst-2026-02-05,YES,Panthers,BUY,BUY_LONG,LIMIT,DAY,taker,126,0.197,0.197,0.025,-24.847,24.847
264,F-dfea7d2a4cf6,O-046de7567c9b,P-02f8bd4b45,2026-02-06T03:08:09.259507Z,aec-cbb-narz-idhst-2026-02-05,YES,Lumberjacks,BUY,BUY_LONG,LIMIT,DAY,taker,35,0.713,0.713,0.025,-24.98,24.98
265,F-07076b3c9b53,O-735b1c0887f5,P-7ab0483ce6,2026-02-06T03:08:50.874316Z,aec-cbb-uscb-ucdv-2026-02-05,NO,Aggies,BUY,BUY_SHORT,LIMIT,DAY,taker,72,0.312,0.688,0.05,-49.586,49.586
266,F-4225bf2ae171,O-a7fb14c387b5,P-1cd084450e,2026-02-06T03:10:39.278723Z,aec-cbb-ewash-mont-2026-02-05,YES,Eagles,BUY,BUY_LONG,LIMIT,DAY,taker,100,0.337,0.337,0.034,-33.734,33.734
267,F-d6ecbdaadb45,O-a7fb14c387b5,P-1cd084450e,2026-02-06T03:10:39.278723Z,aec-cbb-ewash-mont-2026-02-05,YES,Eagles,BUY,BUY_LONG,LIMIT,DAY,taker,46,0.347,0.347,0.016,-15.978,15.978
268,F-a875001b1ded,O-599c4aea1b6c,P-e80e89dfec,2026-02-06T03:11:11.644646Z,aec-cbb-mphs-uab-2026-02-05,YES,Tigers,BUY,BUY_LONG,LIMIT,DAY,taker,33,0.749,0.749,0.025,-24.742,24.742
269,F-7124912beb4c,O-b87d0c9f022d,P-02f8bd4b45,2026-02-06T03:12:37.716095Z,aec-cbb-narz-idhst-2026-02-05,YES,Lumberjacks,BUY,BUY_LONG,LIMIT,DAY,taker,37,0.672,0.672,0.025,-24.889,24.889
270,F-8cae30339051,O-79dc95423a05,P-e80e89dfec,2026-02-06T03:40:10.857842Z,aec-cbb-mphs-uab-2026-02-05,YES,Tigers,BUY,BUY_LONG,LIMIT,DAY,taker,68,0.729,0.729,0.05,-49.622,49.622
271,F-ceb7e9bbe632,O-48482639c5fa,P-ecbd376bba,2026-02-06T03:55:33.605365Z,aec-cbb-jaxst-wkent-2026-02-05,YES,Gamecocks,BUY,BUY_LONG,LIMIT,DAY,taker,48,0.513,0.513,0.025,-24.649,24.649
272,F-b33df7233b82,O-f1d3d49fe02b,P-d757204130,2026-02-06T03:55:51.047339Z,aec-cbb-txa-dxst-2026-02-05,YES,Mavericks,BUY,BUY_LONG,LIMIT,DAY,taker,33,0.748,0.748,0.025,-24.709,24.709
273,F-8468b33026cb,O-c4a6f7f9d77e,P-37d88a5c16,2026-02-06T04:32:42.042960Z,aec-cbb-tarl-cabap-2026-02-05,YES,Texans,BUY,BUY_LONG,LIMIT,DAY,taker,72,0.206,0.206,0.015,-14.847,14.847
274,F-f62c904a45e3,O-d310659a4f75,P-22760a5f8e,2026-02-06T04:32:58.049748Z,aec-cbb-ucrvs-csufl-2026-02-05,YES,Highlanders,BUY,BUY_LONG,LIMIT,DAY,taker,46,0.541,0.541,0.025,-24.911,24.911
275,F-7607500bb00b,O-e8a3c304aced,P-ec68633be6,2026-02-06T04:33:22.790178Z,aec-cbb-lbst-ucsd-2026-02-05,YES,Beach,BUY,BUY_LONG,LIMIT,DAY,taker,83,0.3,0.3,0.025,-24.925,24.925
276,F-46dca1876c1e,O-97e87be0af56,P-81702427d3,2026-02-06T04:34:09.752875Z,aec-nba-gs-pho-2026-02-05,YES,Warriors,BUY,BUY_LONG,LIMIT,DAY,taker,57,0.438,0.438,0.025,-24.991,24.991
277,F-f6ec9e1efb1d,O-4db579a7736b,P-371c4ef3ce,2026-02-06T04:34:22.623152Z,aec-nba-phi-lal-2026-02-05,YES,76ers,BUY,BUY_LONG,LIMIT,DAY,taker,30,0.831,0.831,0.025,-24.955,24.955
278,F-0f81301053c7,O-b103516c1c99,P-4e01ced418,2026-02-06T23:41:50.247926Z,aec-cbb-belm-illchi-2026-02-06,YES,Bruins,BUY,BUY_LONG,LIMIT,DAY,taker,13,0.562,0.562,0.007,-7.313,7.313
279,F-7b56940c1694,O-b103516c1c99,P-4e01ced418,2026-02-06T23:41:50.247926Z,aec-cbb-belm-illchi-2026-02-06,YES,Bruins,BUY,BUY_LONG,LIMIT,DAY,taker,31,0.562,0.562,0.017,-17.439,17.439
280,F-859db4e0adfc,O-22df13418e9b,P-91aede7996,2026-02-06T23:42:17.750950Z,aec-cbb-day-vcu-2026-02-06,YES,Flyers,BUY,BUY_LONG,LIMIT,DAY,taker,29,0.24,0.24,0.007,-6.967,6.967
281,F-fd8bc7df2897,O-22df13418e9b,P-91aede7996,2026-02-06T23:42:17.750950Z,aec-cbb-day-vcu-2026-02-06,YES,Flyers,BUY,BUY_LONG,LIMIT,DAY,taker,12,0.241,0.241,0.003,-2.895,2.895
282,F-34f826a5e460,O-d36eafa34044,P-116a15592a,2026-02-06T23:43:08.166125Z,aec-cbb-drake-illst-2026-02-06,YES,Bulldogs,BUY,BUY_LONG,LIMIT,DAY,taker,73,0.204,0.204,0.015,-14.907,14.907
283,F-0ec44d796270,O-ae950c6abb05,P-6f49012400,2026-02-06T23:43:23.209170Z,aec-cbb-bradly-niowa-2026-02-06,YES,Braves,BUY,BUY_LONG,LIMIT,DAY,taker,15,0.4,0.4,0.006,-6.006,6.006
284,F-938faa8cc02e,O-ae950c6abb05,P-6f49012400,2026-02-06T23:43:23.209170Z,aec-cbb-bradly-niowa-2026-02-06,YES,Braves,BUY,BUY_LONG,LIMIT,DAY,taker,9,0.4,0.4,0.004,-3.604,3.604
285,F-fec45645b48a,O-244c2f2bfec8,P-d9275b18c5,2026-02-06T23:43:35.881173Z,aec-cbb-murst-sill-2026-02-06,YES,Racers,BUY,BUY_LONG,LIMIT,DAY,taker,47,0.531,0.531,0.025,-24.982,24.982
286,F-34629215fa45,O-c259c44e182d,P-faff02fffe,2026-02-06T23:43:54.884017Z,aec-cbb-uconn-stjohn-2026-02-06,YES,Huskies,BUY,BUY_LONG,LIMIT,DAY,taker,45,0.547,0.547,0.025,-24.64,24.64
287,F-ff025a73048b,O-4ab3962b7faf,P-9259b2d570,2026-02-06T23:44:22.833848Z,aec-cbb-evans-valp-2026-02-06,NO,Beacons,BUY,BUY_SHORT,LIMIT,DAY,taker,13,0.18,0.82,0.011,-10.671,10.671
288,F-463a3eed716b,O-4ab3962b7faf,P-9259b2d570,2026-02-06T23:44:22.833848Z,aec-cbb-evans-valp-2026-02-06,NO,Beacons,BUY,BUY_SHORT,LIMIT,DAY,taker,47,0.177,0.823,0.039,-38.72,38.72
289,F-6310cb1a2450,O-1ab46d67af15,P-5b92b9d453,2026-02-06T23:50:53.057205Z,aec-nba-ny-det-2026-02-06,YES,Knicks,BUY,BUY_LONG,LIMIT,DAY,taker,2,0.348,0.348,0.001,-0.697,0.697
290,F-66071d8dbc32,O-1ab46d67af15,P-5b92b9d453,2026-02-06T23:50:53.057205Z,aec-nba-ny-det-2026-02-06,YES,Knicks,BUY,BUY_LONG,LIMIT,DAY,taker,69,0.35,0.35,0.024,-24.174,24.174
291,F-c2ce66254ba5,O-b829f56c2aff,P-41868b64ab,2026-02-06T23:51:27.413748Z,aec-nba-mia-bos-2026-02-06,NO,Celtics,BUY,BUY_SHORT,LIMIT,DAY,taker,37,0.325,0.675,0.025,-25,25
292,F-ebd0b6a835c5,O-44d1b6d0a9b5,P-0ac713f2e6,2026-02-06T23:51:43.166774Z,aec-nba-ind-mil-2026-02-06,NO,Bucks,BUY,BUY_SHORT,LIMIT,DAY,taker,52,0.521,0.479,0.025,-24.933,24.933
293,F-51533f40cab5,O-67aea96f677d,P-28143e3d1d,2026-02-06T23:51:51.205211Z,aec-nba-no-min-2026-02-06,NO,Timberwolves,BUY,BUY_SHORT,LIMIT,DAY,taker,33,0.245,0.755,0.025,-24.94,24.94
294,F-2e57e8bd64fb,O-5e111c9a7066,P-e798dcc179,2026-02-06T23:52:03.286023Z,aec-nba-mem-por-2026-02-06,YES,Grizzlies,BUY,BUY_LONG,LIMIT,DAY,taker,14,0.256,0.256,0.004,-3.588,3.588
295,F-f91c031d0764,O-5e111c9a7066,P-e798dcc179,2026-02-06T23:52:03.286023Z,aec-nba-mem-por-2026-02-06,YES,Grizzlies,BUY,BUY_LONG,LIMIT,DAY,taker,64,0.26,0.26,0.017,-16.657,16.657
296,F-d9f182fddeaa,O-5e111c9a7066,P-e798dcc179,2026-02-06T23:52:03.286023Z,aec-nba-mem-por-2026-02-06,YES,Grizzlies,BUY,BUY_LONG,LIMIT,DAY,taker,18,0.26,0.26,0.005,-4.685,4.685
297,F-08842b451e79,O-7523628d69db,P-8c9c2ef181,2026-02-06T23:52:23.208286Z,aec-nba-lac-sac-2026-02-06,YES,Clippers,BUY,BUY_LONG,LIMIT,DAY,taker,3,0.62,0.62,0.002,-1.862,1.862
298,F-07f85388db90,O-7523628d69db,P-8c9c2ef181,2026-02-06T23:52:23.208286Z,aec-nba-lac-sac-2026-02-06,YES,Clippers,BUY,BUY_LONG,LIMIT,DAY,taker,37,0.621,0.621,0.023,-23,23
299,F-4288fcace7f6,O-8568b30e1fb8,P-6f49012400,2026-02-07T01:23:28.240788Z,aec-cbb-bradly-niowa-2026-02-06,YES,Braves,BUY,BUY_LONG,LIMIT,DAY,taker,50,0.494,0.494,0.025,-24.725,24.725
300,F-0374a412d653,O-5f7d553ba01f,P-d9275b18c5,2026-02-07T02:01:22.577696Z,aec-cbb-murst-sill-2026-02-06,YES,Racers,BUY,BUY_LONG,LIMIT,DAY,taker,61,0.807,0.807,0.049,-49.276,49.276
301,F-b64c7b1cb3e1,O-9d5437ebdb70,P-faff02fffe,2026-02-07T02:01:36.722714Z,aec-cbb-uconn-stjohn-2026-02-06,YES,Huskies,BUY,BUY_LONG,LIMIT,DAY,taker,13,0.555,0.555,0.007,-7.222,7.222
302,F-64a8a2ef4042,O-9d5437ebdb70,P-faff02fffe,2026-02-07T02:01:36.722714Z,aec-cbb-uconn-stjohn-2026-02-06,YES,Huskies,BUY,BUY_LONG,LIMIT,DAY,taker,32,0.555,0.555,0.018,-17.778,17.778
303,F-4d00b4fd03d7,O-a2804cc7ad38,P-9259b2d570,2026-02-07T02:02:05.856139Z,aec-cbb-evans-valp-2026-02-06,NO,Beacons,SELL,SELL_SHORT,LIMIT,IMMEDIATE_OR_CANCEL,taker,13,0.593,0.407,0.008,5.283,5.283
304,F-bf45dc970015,O-a2804cc7ad38,P-9259b2d570,2026-02-07T02:02:05.856139Z,aec-cbb-evans-valp-2026-02-06,NO,Beacons,SELL,SELL_SHORT,LIMIT,IMMEDIATE_OR_CANCEL,taker,14,0.593,0.407,0.008,5.69,5.69
305,F-81df0e9e8c68,O-a2804cc7ad38,P-9259b2d570,2026-02-07T02:02:05.856139Z,aec-cbb-evans-valp-2026-02-06,NO,Beacons,SELL,SELL_SHORT,LIMIT,IMMEDIATE_OR_CANCEL,taker,33,0.605,0.395,0.02,13.015,13.015
306,F-5d03c2fc9dc5,O-31bc7122e719,P-c7c7eec061,2026-02-07T02:02:20.649967Z,aec-cbb-evans-valp-2026-02-06,YES,Aces,BUY,BUY_LONG,LIMIT,DAY,taker,12,0.59,0.59,0.007,-7.087,7.087
307,F-1cd006d1cc91,O-31bc7122e719,P-c7c7eec061,2026-02-07T02:02:20.649967Z,aec-cbb-evans-valp-2026-02-06,YES,Aces,BUY,BUY_LONG,LIMIT,DAY,taker,71,0.601,0.601,0.043,-42.714,42.714
308,F-3ae0d2bc1248,O-70799b3396cb,P-c7c7eec061,2026-02-07T02:02:29.641558Z,aec-cbb-evans-valp-2026-02-06,YES,Aces,BUY,BUY_LONG,LIMIT,DAY,taker,12,0.59,0.59,0.007,-7.087,7.087
309,F-dbfef504c584,O-70799b3396cb,P-c7c7eec061,2026-02-07T02:02:29.641558Z,aec-cbb-evans-valp-2026-02-06,YES,Aces,BUY,BUY_LONG,LIMIT,DAY,taker,29,0.601,0.601,0.017,-17.446,17.446
310,F-aea37ad50c74,O-84c990a6b2a9,P-03f3bd6d81,2026-02-07T22:26:15.879296Z,aec-cbb-toledo-jmad-2026-02-07,NO,Dukes,BUY,BUY_SHORT,LIMIT,DAY,taker,14,0.232,0.768,0.011,-10.763,10.763
311,F-6af5b4f75af8,O-84c990a6b2a9,P-03f3bd6d81,2026-02-07T22:26:15.879296Z,aec-cbb-toledo-jmad-2026-02-07,NO,Dukes,BUY,BUY_SHORT,LIMIT,DAY,taker,18,0.229,0.771,0.014,-13.892,13.892
312,F-e54750695673,O-d56f71e41311,P-e9bb8313af,2026-02-07T22:27:16.226168Z,aec-cbb-cmich-loulaf-2026-02-07,YES,Chippewas,BUY,BUY_LONG,LIMIT,DAY,taker,84,0.296,0.296,0.025,-24.889,24.889
313,F-133d46a7a36a,O-4ce2085b3c06,P-1b21015513,2026-02-07T22:29:00.192245Z,aec-cbb-ucrvs-csunr-2026-02-07,NO,Matadors,BUY,BUY_SHORT,LIMIT,DAY,taker,256,0.025,0.975,0.25,-249.85,249.85
314,F-c6f44f196de1,O-5cac979e6d8d,P-007a0373d3,2026-02-07T22:29:28.694798Z,aec-cbb-stnh-liub-2026-02-07,YES,Skyhawks,BUY,BUY_LONG,LIMIT,DAY,taker,12,0.317,0.317,0.004,-3.808,3.808
315,F-9c1833f7b58b,O-5cac979e6d8d,P-007a0373d3,2026-02-07T22:29:28.694798Z,aec-cbb-stnh-liub-2026-02-07,YES,Skyhawks,BUY,BUY_LONG,LIMIT,DAY,taker,3,0.318,0.318,0.001,-0.955,0.955
316,F-057cad0d9e7a,O-3527f0acb841,P-7083742cd4,2026-02-07T22:29:55.050479Z,aec-cbb-miaoh-marsh-2026-02-07,YES,RedHawks,BUY,BUY_LONG,LIMIT,DAY,taker,162,0.925,0.925,0.15,-150,150
317,F-e36890dcf664,O-ba12c72cbc0e,P-701ea93906,2026-02-07T22:30:41.652117Z,aec-cbb-flst-nd-2026-02-07,YES,Seminoles,BUY,BUY_LONG,LIMIT,DAY,taker,12,0.614,0.614,0.007,-7.375,7.375
318,F-e524429f9536,O-ba12c72cbc0e,P-701ea93906,2026-02-07T22:30:41.652117Z,aec-cbb-flst-nd-2026-02-07,YES,Seminoles,BUY,BUY_LONG,LIMIT,DAY,taker,28,0.621,0.621,0.017,-17.405,17.405
319,F-5e60908b472d,O-d9b39109c11c,P-a0cc13553a,2026-02-07T22:31:25.990517Z,aec-cbb-ncc-norfst-2026-02-07,YES,Eagles,BUY,BUY_LONG,LIMIT,DAY,taker,13,0.283,0.283,0.004,-3.683,3.683
320,F-ccc3b394033a,O-d9b39109c11c,P-a0cc13553a,2026-02-07T22:31:25.990517Z,aec-cbb-ncc-norfst-2026-02-07,YES,Eagles,BUY,BUY_LONG,LIMIT,DAY,taker,4,0.284,0.284,0.001,-1.137,1.137
321,F-ace1a4160bcd,O-db916378b606,P-214ad15f04,2026-02-07T22:32:05.246222Z,aec-cbb-gcan-unlv-2026-02-07,NO,Runnin' Rebels,BUY,BUY_SHORT,LIMIT,DAY,taker,82,0.226,0.774,0.063,-63.531,63.531
322,F-a6acfe5449a5,O-0e0662de6240,P-836b4eadcc,2026-02-08T03:00:45.300962Z,aec-nba-den-chi-2026-02-07,YES,Nuggets,BUY,BUY_LONG,LIMIT,DAY,taker,28,0.827,0.827,0.023,-23.179,23.179
323,F-d3509fe9279d,O-0e0662de6240,P-836b4eadcc,2026-02-08T03:00:45.300962Z,aec-nba-den-chi-2026-02-07,YES,Nuggets,BUY,BUY_LONG,LIMIT,DAY,taker,1,0.827,0.827,0.001,-0.828,0.828
324,F-4df20170a3a2,O-0e0662de6240,P-836b4eadcc,2026-02-08T03:00:45.300962Z,aec-nba-den-chi-2026-02-07,YES,Nuggets,BUY,BUY_LONG,LIMIT,DAY,taker,1,0.828,0.828,0.001,-0.829,0.829
325,F-f98106b04d95,O-b46ce3a15ea8,P-8750958567,2026-02-08T03:00:56.937570Z,aec-nba-gs-lal-2026-02-07,NO,Lakers,BUY,BUY_SHORT,LIMIT,DAY,taker,25,0.3,0.7,0.018,-17.518,17.518
326,F-462d613a785f,O-b46ce3a15ea8,P-8750958567,2026-02-08T03:00:56.937570Z,aec-nba-gs-lal-2026-02-07,NO,Lakers,BUY,BUY_SHORT,LIMIT,DAY,taker,10,0.299,0.701,0.007,-7.017,7.017
327,F-a82acb5f4c73,O-141231df3dc9,P-c85007f2b4,2026-02-08T03:01:05.921905Z,aec-nba-phi-pho-2026-02-07,YES,76ers,BUY,BUY_LONG,LIMIT,DAY,taker,33,0.744,0.744,0.025,-24.577,24.577
328,F-c7a6d7548c50,O-cdc6ffffdb72,P-77aa9d17cf,2026-02-08T03:01:34.934100Z,aec-cbb-tarl-sutah-2026-02-07,YES,Texans,BUY,BUY_LONG,LIMIT,DAY,taker,13,0.869,0.869,0.011,-11.308,11.308
329,F-6225d506645d,O-cdc6ffffdb72,P-77aa9d17cf,2026-02-08T03:01:34.934100Z,aec-cbb-tarl-sutah-2026-02-07,YES,Texans,BUY,BUY_LONG,LIMIT,DAY,taker,44,0.874,0.874,0.038,-38.494,38.494
330,F-0232da029a4c,O-7957389bb9c5,P-b8aa833f70,2026-02-08T03:01:56.292080Z,aec-cbb-tenn-uk-2026-02-07,YES,Volunteers,BUY,BUY_LONG,LIMIT,DAY,taker,230,0.867,0.867,0.199,-199.609,199.609
331,F-301c68d8efc7,O-f591354da02c,P-f8df354d24,2026-02-08T20:40:18.627723Z,aec-nfl-sea-ne-2026-02-08,YES,Seahawks,BUY,BUY_LONG,LIMIT,DAY,taker,298,0.669,0.669,0.199,-199.561,199.561
332,F-4d974cbb590d,O-06b2158f726c,P-f21c80ded1,2026-02-10T01:35:41.826273Z,aec-cbb-xav-stjohn-2026-02-09,NO,Red Storm,BUY,BUY_SHORT,LIMIT,DAY,taker,57,0.136,0.864,0.049,-49.297,49.297
333,F-99a46d100653,O-8ac945ec5d3c,P-2305166b3c,2026-02-10T01:35:52.038071Z,aec-cbb-txs-bcook-2026-02-09,YES,Tigers,BUY,BUY_LONG,LIMIT,DAY,taker,13,0.882,0.882,0.011,-11.477,11.477
334,F-bc9e50fad59d,O-8ac945ec5d3c,P-2305166b3c,2026-02-10T01:35:52.038071Z,aec-cbb-txs-bcook-2026-02-09,YES,Tigers,BUY,BUY_LONG,LIMIT,DAY,taker,43,0.889,0.889,0.038,-38.265,38.265
335,F-377e2e95d681,O-9516fe6c3723,P-1cad499e19,2026-02-10T01:36:04.241735Z,aec-cbb-yale-howrd-2026-02-09,NO,Bison,BUY,BUY_SHORT,LIMIT,DAY,taker,14,0.598,0.402,0.006,-5.634,5.634
336,F-715856502f5d,O-9516fe6c3723,P-1cad499e19,2026-02-10T01:36:04.241735Z,aec-cbb-yale-howrd-2026-02-09,NO,Bison,BUY,BUY_SHORT,LIMIT,DAY,taker,10,0.597,0.403,0.004,-4.034,4.034
337,F-598c4474c484,O-eb8be9f168e2,P-7cf8015b89,2026-02-10T01:36:15.314011Z,aec-cbb-nwst-lamar-2026-02-09,YES,Demons,BUY,BUY_LONG,LIMIT,DAY,taker,41,0.602,0.602,0.025,-24.707,24.707
338,F-1a00e14f97f7,O-d42a58b0bfb3,P-be888123ef,2026-02-10T01:36:32.990785Z,aec-cbb-valp-drake-2026-02-09,NO,Bulldogs,BUY,BUY_SHORT,LIMIT,DAY,taker,14,0.253,0.747,0.01,-10.468,10.468
339,F-a0ff25edf312,O-d42a58b0bfb3,P-be888123ef,2026-02-10T01:36:32.990785Z,aec-cbb-valp-drake-2026-02-09,NO,Bulldogs,BUY,BUY_SHORT,LIMIT,DAY,taker,19,0.252,0.748,0.014,-14.226,14.226
340,F-977d9acdbd71,O-df9d511dbd1d,P-9ba1fae3e7,2026-02-10T01:37:08.601771Z,aec-cbb-txamc-sfaus-2026-02-09,YES,Lions,BUY,BUY_LONG,LIMIT,DAY,taker,33,0.297,0.297,0.01,-9.811,9.811
341,F-6eddda52b52f,O-51bffe3857d0,P-b38b7bd8be,2026-02-10T01:37:30.661590Z,aec-cbb-illst-evans-2026-02-09,NO,Aces,BUY,BUY_SHORT,LIMIT,DAY,taker,14,0.389,0.611,0.009,-8.563,8.563
342,F-b44737270b1c,O-51bffe3857d0,P-b38b7bd8be,2026-02-10T01:37:30.661590Z,aec-cbb-illst-evans-2026-02-09,NO,Aces,BUY,BUY_SHORT,LIMIT,DAY,taker,26,0.383,0.617,0.016,-16.058,16.058
343,F-1947fa6f6492,O-b2f13e1616c4,P-5e31f7048a,2026-02-10T01:37:50.734288Z,aec-cbb-delst-ncc-2026-02-09,YES,Hornets,BUY,BUY_LONG,LIMIT,DAY,taker,62,0.399,0.399,0.025,-24.763,24.763
344,F-1fcb71b6ce90,O-fc87b223aa5f,P-ae214b7029,2026-02-11T00:51:23.675682Z,aec-cbb-wbd-iupui-2026-02-10,NO,Jaguars,BUY,BUY_SHORT,LIMIT,DAY,taker,13,0.64,0.36,0.005,-4.685,4.685
345,F-7c7f202df38b,O-fc87b223aa5f,P-ae214b7029,2026-02-11T00:51:23.675682Z,aec-cbb-wbd-iupui-2026-02-10,NO,Jaguars,BUY,BUY_SHORT,LIMIT,DAY,taker,14,0.64,0.36,0.005,-5.045,5.045
346,F-50b76354a650,O-fc87b223aa5f,P-ae214b7029,2026-02-11T00:51:23.675682Z,aec-cbb-wbd-iupui-2026-02-10,NO,Jaguars,BUY,BUY_SHORT,LIMIT,DAY,taker,42,0.639,0.361,0.015,-15.177,15.177
347,F-c852998e6e4d,O-b5cb9a7271ce,P-8c6920b211,2026-02-11T00:51:50.772130Z,aec-cbb-vand-aubrn-2026-02-10,YES,Commodores,BUY,BUY_LONG,LIMIT,DAY,taker,13,0.746,0.746,0.01,-9.708,9.708
348,F-898b423726b7,O-a969ee36bfe2,P-83720b3f67,2026-02-11T00:52:20.729772Z,aec-cbb-vir-flst-2026-02-10,NO,Seminoles,BUY,BUY_SHORT,LIMIT,DAY,taker,12,0.591,0.409,0.005,-4.913,4.913
349,F-daebc70ac2ab,O-a969ee36bfe2,P-83720b3f67,2026-02-11T00:52:20.729772Z,aec-cbb-vir-flst-2026-02-10,NO,Seminoles,BUY,BUY_SHORT,LIMIT,DAY,taker,12,0.591,0.409,0.005,-4.913,4.913
350,F-cb1776b81575,O-e8ee4d8b9f25,P-b3cde5aab2,2026-02-11T00:52:29.544776Z,aec-cbb-pur-nebr-2026-02-10,YES,Boilermakers,BUY,BUY_LONG,LIMIT,DAY,taker,56,0.885,0.885,0.05,-49.61,49.61
351,F-d56bc97e4e8e,O-d3a321c7a6da,P-d02ef73981,2026-02-11T00:52:40.888188Z,aec-cbb-ncar-mia-2026-02-10,NO,Hurricanes,BUY,BUY_SHORT,LIMIT,DAY,taker,14,0.455,0.545,0.008,-7.638,7.638
352,F-4e51e3e390d9,O-d3a321c7a6da,P-d02ef73981,2026-02-11T00:52:40.888188Z,aec-cbb-ncar-mia-2026-02-10,NO,Hurricanes,BUY,BUY_SHORT,LIMIT,DAY,taker,4,0.454,0.546,0.002,-2.186,2.186
353,F-61248a9d69f7,O-b91bdf76b96e,P-daf342b520,2026-02-11T00:52:59.213631Z,aec-cbb-nd-smu-2026-02-10,YES,Fighting Irish,BUY,BUY_LONG,LIMIT,DAY,taker,8,0.116,0.116,0.001,-0.929,0.929
354,F-0d3bbb1bbff4,O-31245bbdef81,P-8a2556224f,2026-02-11T00:53:12.117526Z,aec-cbb-gmsn-rich-2026-02-10,NO,Spiders,BUY,BUY_SHORT,LIMIT,DAY,taker,14,0.064,0.936,0.013,-13.117,13.117
355,F-bf11602759e4,O-31245bbdef81,P-8a2556224f,2026-02-11T00:53:12.117526Z,aec-cbb-gmsn-rich-2026-02-10,NO,Spiders,BUY,BUY_SHORT,LIMIT,DAY,taker,39,0.061,0.939,0.037,-36.658,36.658
356,F-e13baa9116e7,O-d860c1863ba3,P-6e994ee269,2026-02-11T00:53:45.275444Z,aec-cbb-marq-vill-2026-02-10,YES,Golden Eagles,BUY,BUY_LONG,LIMIT,DAY,taker,11,0.087,0.087,0.001,-0.958,0.958
357,F-0e80597e9239,O-687a3cc141ec,P-65bff859f0,2026-02-11T22:38:07.238953Z,aec-cbb-bostu-army-2026-02-11,YES,Terriers,BUY,BUY_LONG,LIMIT,DAY,taker,11,0.585,0.585,0.006,-6.441,6.441
358,F-88399ede8d23,O-687a3cc141ec,P-65bff859f0,2026-02-11T22:38:07.238953Z,aec-cbb-bostu-army-2026-02-11,YES,Terriers,BUY,BUY_LONG,LIMIT,DAY,taker,6,0.587,0.587,0.004,-3.526,3.526
359,F-3e45b451307f,O-09c97dd7bf68,P-885278c2dc,2026-02-11T22:38:13.033051Z,aec-cbb-colg-holy-2026-02-11,YES,Raiders,BUY,BUY_LONG,LIMIT,DAY,taker,12,0.78,0.78,0.009,-9.369,9.369
360,F-d3d934513419,O-324a47d9454b,P-b0fa6e20e7,2026-02-11T22:38:18.920082Z,aec-cbb-iowa-mary-2026-02-11,YES,Hawkeyes,BUY,BUY_LONG,LIMIT,DAY,taker,11,0.842,0.842,0.009,-9.271,9.271
361,F-73b46734c527,O-26e9bdaf5083,P-f3314ef7a6,2026-02-11T22:38:25.819723Z,aec-cbb-cita-wcar-2026-02-11,NO,Catamounts,BUY,BUY_SHORT,LIMIT,DAY,taker,12,0.204,0.796,0.01,-9.562,9.562
362,F-cf143745c2a0,O-7c495370f404,P-73a3e78017,2026-02-11T22:38:35.288619Z,aec-cbb-usc-ohiost-2026-02-11,NO,Buckeyes,BUY,BUY_SHORT,LIMIT,DAY,taker,13,0.244,0.756,0.01,-9.838,9.838
363,F-6603093e2e16,O-a4c469af912e,P-6dccbe9c08,2026-02-12T01:29:32.524783Z,aec-cbb-vtech-clmsn-2026-02-11,YES,Hokies,BUY,BUY_LONG,LIMIT,DAY,taker,17,0.575,0.575,0.01,-9.785,9.785
364,F-2a88bd73a79b,O-43ffda75b633,P-23f930194f,2026-02-12T01:29:56.474973Z,aec-cbb-chat-etnst-2026-02-11,NO,Buccaneers,BUY,BUY_SHORT,LIMIT,DAY,taker,11,0.149,0.851,0.009,-9.37,9.37
365,F-ae168b19b079,O-d5c050160e62,P-19e6101128,2026-02-12T01:30:20.451383Z,aec-cbb-utep-jaxst-2026-02-11,YES,Miners,BUY,BUY_LONG,LIMIT,DAY,taker,15,0.657,0.657,0.01,-9.865,9.865
366,F-bdcbcb3b4ba5,O-440511e5973b,P-ff7eba523b,2026-02-12T01:30:31.088955Z,aec-cbb-buf-ballst-2026-02-11,YES,Bulls,BUY,BUY_LONG,LIMIT,DAY,taker,12,0.803,0.803,0.01,-9.646,9.646
367,F-171eff777731,O-b4a5585f5325,P-bc289867c8,2026-02-12T01:30:39.775943Z,aec-cbb-emich-kentst-2026-02-11,YES,Eagles,BUY,BUY_LONG,LIMIT,DAY,taker,14,0.626,0.626,0.009,-8.773,8.773
368,F-b05862179451,O-b4a5585f5325,P-bc289867c8,2026-02-12T01:30:39.775943Z,aec-cbb-emich-kentst-2026-02-11,YES,Eagles,BUY,BUY_LONG,LIMIT,DAY,taker,1,0.627,0.627,0.001,-0.628,0.628
369,F-1f0947001c76,O-79f9d8bff41d,P-ad512c33e6,2026-02-12T01:30:54.448166Z,aec-cbb-ausp-queen-2026-02-11,YES,Governors,BUY,BUY_LONG,LIMIT,DAY,taker,14,0.659,0.659,0.009,-9.235,9.235
370,F-ae26f73f0488,O-79f9d8bff41d,P-ad512c33e6,2026-02-12T01:30:54.448166Z,aec-cbb-ausp-queen-2026-02-11,YES,Governors,BUY,BUY_LONG,LIMIT,DAY,taker,1,0.665,0.665,0.001,-0.666,0.666
371,F-14a06e22258c,O-b0edfbb74b42,P-4db39ebb6d,2026-02-12T01:31:12.367283Z,aec-cbb-jax-stetsn-2026-02-11,NO,Hatters,BUY,BUY_SHORT,LIMIT,DAY,taker,12,0.358,0.642,0.008,-7.712,7.712
372,F-d49cd31f190b,O-b0edfbb74b42,P-4db39ebb6d,2026-02-12T01:31:12.367283Z,aec-cbb-jax-stetsn-2026-02-11,NO,Hatters,BUY,BUY_SHORT,LIMIT,DAY,taker,3,0.358,0.642,0.002,-1.928,1.928
373,F-679f32987cea,O-111f847532b9,P-a663d511fa,2026-02-12T01:31:36.195884Z,aec-cbb-furman-merc-2026-02-11,YES,Paladins,BUY,BUY_LONG,LIMIT,DAY,taker,20,0.492,0.492,0.01,-9.85,9.85
374,F-c4fa326574ea,O-829026de3ad0,P-2bb48d391b,2026-02-12T01:32:20.613682Z,aec-cbb-marsh-old-2026-02-11,NO,Monarchs,BUY,BUY_SHORT,LIMIT,DAY,taker,11,0.166,0.834,0.009,-9.183,9.183
375,F-fecc2e612379,O-c002be1b5ebc,P-e6596372c6,2026-02-12T01:32:37.534543Z,aec-cbb-prov-seton-2026-02-11,YES,Friars,BUY,BUY_LONG,LIMIT,DAY,taker,13,0.505,0.505,0.007,-6.572,6.572
376,F-5358d9addc4b,O-c002be1b5ebc,P-e6596372c6,2026-02-12T01:32:37.534543Z,aec-cbb-prov-seton-2026-02-11,YES,Friars,BUY,BUY_LONG,LIMIT,DAY,taker,6,0.509,0.509,0.003,-3.057,3.057
377,F-9cfdfa185faa,O-ef893b30cb62,P-434f6086fb,2026-02-13T03:41:38.127828Z,aec-cbb-tenst-usi-2026-02-12,NO,Screaming Eagles,BUY,BUY_SHORT,LIMIT,DAY,taker,20,0.519,0.481,0.01,-9.63,9.63
378,F-c5ed9922236a,O-8734a1f21102,P-b965ca9e65,2026-02-13T03:41:52.026881Z,aec-cbb-niowa-belm-2026-02-12,NO,Bruins,BUY,BUY_SHORT,LIMIT,DAY,taker,110,0.093,0.907,0.1,-99.87,99.87
379,F-b83c2478cbe9,O-b02d993b6c0d,P-c81b39d3df,2026-02-13T03:42:05.133170Z,aec-cbb-txa-abchr-2026-02-12,NO,Wildcats,BUY,BUY_SHORT,LIMIT,DAY,taker,108,0.082,0.918,0.099,-99.243,99.243
380,F-bd02a46d91e5,O-f64e58a2819c,P-62bc420261,2026-02-13T03:42:20.551521Z,aec-cbb-mphs-ntx-2026-02-12,NO,Mean Green,BUY,BUY_SHORT,LIMIT,DAY,taker,15,0.37,0.63,0.009,-9.459,9.459
381,F-7b359f4d0d5d,O-34dbc9d43214,P-e34597f4e3,2026-02-13T03:42:51.102573Z,aec-cbb-ucirv-calpol-2026-02-12,YES,Anteaters,BUY,BUY_LONG,LIMIT,DAY,taker,56,0.878,0.878,0.049,-49.217,49.217
382,F-acaae7cac20c,O-e4d20ec4556e,P-f668fc8812,2026-02-13T03:43:06.322199Z,aec-cbb-utahv-dxst-2026-02-12,NO,Trailblazers,BUY,BUY_SHORT,LIMIT,DAY,taker,138,0.023,0.977,0.135,-134.961,134.961
383,F-ec45a03567c0,O-dad5fa3a59dd,P-b715f2262b,2026-02-13T04:34:24.331684Z,aec-cbb-uscb-ucrvs-2026-02-12,NO,Highlanders,BUY,BUY_SHORT,LIMIT,DAY,taker,9,0.694,0.306,0.003,-2.757,2.757
384,F-52d168cf818f,O-c17ea77269e8,P-a1cae1e715,2026-02-17T02:10:59.648425Z,aec-cbb-bcook-jackst-2026-02-16,NO,Tigers,BUY,BUY_SHORT,LIMIT,DAY,taker,11,0.145,0.855,0.009,-9.414,9.414
385,F-cc228bc8831e,O-4b4e84cbe311,P-3efda15c05,2026-02-18T00:03:09.276673Z,aec-cbb-boscol-flst-2026-02-17,YES,Eagles,BUY,BUY_LONG,LIMIT,DAY,taker,8,0.57,0.57,0.005,-4.565,4.565
386,F-616e7dbc458a,O-279b716e7ebf,P-e36605a7f8,2026-02-18T00:03:54.342786Z,aec-cbb-mich-pur-2026-02-17,YES,Wolverines,BUY,BUY_LONG,LIMIT,DAY,taker,8,0.817,0.817,0.007,-6.543,6.543
387,F-83b414d17008,O-cdc06bbeefe2,P-286045c807,2026-02-18T05:48:35.820158Z,aec-cbb-txtech-arzst-2026-02-17,NO,Sun Devils,BUY,BUY_SHORT,LIMIT,DAY,taker,13,0.442,0.558,0.007,-7.261,7.261
388,F-0a3d661bc330,O-cdc06bbeefe2,P-286045c807,2026-02-18T05:48:35.820158Z,aec-cbb-txtech-arzst-2026-02-17,NO,Sun Devils,BUY,BUY_SHORT,LIMIT,DAY,taker,1,0.434,0.566,0.001,-0.567,0.567
389,F-372fe0761d5d,O-ea7bf8001320,P-d809ff6df0,2026-02-19T03:51:43.024438Z,aec-cbb-utah-wvir-2026-02-18,YES,Utes,BUY,BUY_LONG,LIMIT,DAY,taker,5,0.906,0.906,0.005,-4.535,4.535
390,F-959b2beaf4ef,O-39694cdabc45,P-966b94589e,2026-02-19T03:52:04.882148Z,aec-cbb-aubrn-mspst-2026-02-18,YES,Tigers,BUY,BUY_LONG,LIMIT,DAY,taker,3,0.578,0.578,0.002,-1.736,1.736
391,F-e532de3c77fd,O-d4a65bdea1e5,P-54b8b9a605,2026-02-19T03:52:19.148824Z,aec-cbb-stmry-sea-2026-02-18,YES,Gaels,BUY,BUY_LONG,LIMIT,DAY,taker,3,0.613,0.613,0.002,-1.841,1.841
392,F-ccec747033dc,O-1b6e7b95fd3f,P-9e9e686181,2026-02-19T03:52:34.905295Z,aec-cbb-pacfc-washst-2026-02-18,NO,Cougars,BUY,BUY_SHORT,LIMIT,DAY,taker,5,0.222,0.778,0.004,-3.894,3.894
393,F-ba7a97c30f1f,O-32a471a476c7,P-d0853dc583,2026-02-19T03:53:13.645849Z,aec-cbb-pepp-port-2026-02-18,YES,Waves,BUY,BUY_LONG,LIMIT,DAY,taker,2,0.399,0.399,0.001,-0.799,0.799
394,F-b67682ea7724,O-e2ee11c30123,P-ddb9abc94b,2026-02-19T03:53:26.498323Z,aec-cbb-boise-utahst-2026-02-18,YES,Broncos,BUY,BUY_LONG,LIMIT,DAY,taker,5,0.19,0.19,0.001,-0.951,0.951
395,F-68cb600a00ea,O-e92946e410df,P-2b7225d603,2026-02-19T04:32:40.257931Z,aec-cbb-colst-unlv-2026-02-18,YES,Rams,BUY,BUY_LONG,LIMIT,DAY,taker,7,0.543,0.543,0.004,-3.805,3.805
396,F-8a3bff2db657,O-b3e67d41246a,P-d0853dc583,2026-02-19T04:34:06.569829Z,aec-cbb-pepp-port-2026-02-18,YES,Waves,BUY,BUY_LONG,LIMIT,DAY,taker,12,0.787,0.787,0.009,-9.453,9.453
397,F-d73c6b7ac2f1,O-ecb3fa17b2fd,P-ddb9abc94b,2026-02-19T04:36:31.385256Z,aec-cbb-boise-utahst-2026-02-18,YES,Broncos,SELL,SELL_LONG,LIMIT,IMMEDIATE_OR_CANCEL,taker,5,0.099,0.099,0.005,0.49,0.49
398,F-90248893cda9,O-9bb6860b11b0,P-2b7225d603,2026-02-19T05:13:35.293380Z,aec-cbb-colst-unlv-2026-02-18,YES,Rams,BUY,BUY_LONG,LIMIT,DAY,taker,18,0.815,0.815,0.015,-14.685,14.685
399,F-96e6246d3eb5,O-d10be7a78cf5,P-19d1ecbea8,2026-02-21T21:34:22.859166Z,aec-cbb-arz-hou-2026-02-21,YES,Wildcats,BUY,BUY_LONG,LIMIT,DAY,taker,7,0.411,0.411,0,-2.877,2.877
400,F-02165f0b0aac,O-5297fa61888c,P-6f398287ac,2026-02-21T22:49:52.787256Z,aec-cbb-longwd-chsou-2026-02-21,YES,Lancers,BUY,BUY_LONG,LIMIT,DAY,taker,4,0.464,0.464,0,-1.856,1.856
401,F-b3ea512ecff4,O-88867882a1ae,P-9c0d004d2e,2026-02-21T22:50:18.247192Z,aec-cbb-winth-hpnt-2026-02-21,YES,Eagles,BUY,BUY_LONG,LIMIT,DAY,taker,6,0.32,0.32,0,-1.92,1.92
402,F-902ec005a642,O-45e5b3d21eee,P-958899db7c,2026-02-21T22:51:01.262465Z,aec-cbb-nal-lipsc-2026-02-21,YES,Lions,BUY,BUY_LONG,LIMIT,DAY,taker,7,0.275,0.275,0,-1.925,1.925
403,F-b9057198b860,O-7a23d6ffccc4,P-bb45234177,2026-02-21T22:51:54.401385Z,aec-cbb-usi-eill-2026-02-21,YES,Screaming Eagles,BUY,BUY_LONG,LIMIT,DAY,taker,17,0.878,0.878,0.01,-14.936,14.936
404,F-e437db168302,O-66607d8d0100,P-83ac30ef49,2026-02-21T22:53:14.440715Z,aec-cbb-presb-scup-2026-02-21,NO,Spartans,BUY,BUY_SHORT,LIMIT,DAY,taker,10,0.117,0.883,0.01,-8.84,8.84
405,F-66cce815ffd7,O-4a768332c281,P-f259ca2cc0,2026-02-21T23:31:47.747249Z,aec-cbb-sdst-colst-2026-02-21,YES,Aztecs,BUY,BUY_LONG,LIMIT,DAY,taker,16,0.59,0.59,0.01,-9.45,9.45
406,F-0b5393e7f2e4,O-7abfebd21e09,P-f259ca2cc0,2026-02-21T23:38:15.821432Z,aec-cbb-sdst-colst-2026-02-21,YES,Aztecs,BUY,BUY_LONG,LIMIT,DAY,taker,17,0.403,0.403,0.01,-6.861,6.861
407,F-ca7ccdb94ff0,O-7ac80dcf5f5e,P-f259ca2cc0,2026-02-22T00:13:42.972672Z,aec-cbb-sdst-colst-2026-02-21,YES,Aztecs,SELL,SELL_LONG,LIMIT,IMMEDIATE_OR_CANCEL,taker,30,0.155,0.155,0.03,4.62,4.62
408,F-3bf95c636cdd,O-7ac80dcf5f5e,P-f259ca2cc0,2026-02-22T00:13:42.972672Z,aec-cbb-sdst-colst-2026-02-21,YES,Aztecs,SELL,SELL_LONG,LIMIT,IMMEDIATE_OR_CANCEL,taker,3,0.155,0.155,0,0.465,0.465
409,F-cda3796cbbbb,O-6fcd19543440,P-7f7f956f20,2026-02-27T01:06:22.831756Z,aec-nba-mia-phi-2026-02-26,NO,76ers,BUY,BUY_SHORT,LIMIT,DAY,taker,25,0.21,0.79,0.02,-19.77,19.77
410,F-c320e9a96610,O-1f073f4ca989,P-e5808d3b94,2026-02-27T04:23:38.365554Z,aec-nba-lal-pho-2026-02-26,NO,Suns,BUY,BUY_SHORT,LIMIT,DAY,taker,31,0.21,0.79,0.02,-24.51,24.51
411,F-e3339be11d3f,O-5a15cfff09ff,P-3d879bd0cf,2026-03-01T00:18:15.745649Z,aec-cbb-okl-lsu-2026-02-28,YES,Sooners,BUY,BUY_LONG,LIMIT,DAY,taker,13,0.75,0.75,0.01,-9.76,9.76
412,F-780dba3f4e4d,O-eeae4a3a6778,P-114219027e,2026-03-01T00:18:41.171989Z,aec-cbb-mcnst-no-2026-02-28,NO,Privateers,BUY,BUY_SHORT,LIMIT,DAY,taker,7,0.86,0.14,0.01,-0.99,0.99
413,F-ee1b9d43ba9e,O-6bd9df7d99ae,P-1becde30de,2026-03-01T02:23:29.485844Z,aec-cbb-washst-pepp-2026-02-28,NO,Waves,BUY,BUY_SHORT,LIMIT,DAY,taker,39,0.14,0.86,0.03,-33.57,33.57
414,F-b05bc854743d,O-c8b2418672de,P-d2a6cd6be0,2026-03-01T03:54:18.137536Z,aec-cbb-gnzg-stmry-2026-02-28,YES,Bulldogs,BUY,BUY_LONG,LIMIT,DAY,taker,30,0.62,0.62,0.02,-18.62,18.62
415,F-38943060899b,O-c8b2418672de,P-d2a6cd6be0,2026-03-01T03:54:18.137536Z,aec-cbb-gnzg-stmry-2026-02-28,YES,Bulldogs,BUY,BUY_LONG,LIMIT,DAY,taker,2,0.63,0.63,0,-1.26,1.26
416,F-47eae2beb309,O-742f9ccb7193,P-28bac9049f,2026-03-01T03:54:25.861125Z,aec-cbb-lbst-csu-2026-02-28,YES,Beach,BUY,BUY_LONG,LIMIT,DAY,taker,15,0.66,0.66,0.01,-9.91,9.91
417,F-0480c0efa282,O-ffb61049b18c,P-088e166796,2026-03-01T03:54:40.998041Z,aec-cbb-uscb-ucirv-2026-02-28,NO,Anteaters,BUY,BUY_SHORT,LIMIT,DAY,taker,11,0.21,0.79,0.01,-8.7,8.7
418,F-3435ba368c34,O-c15721855423,P-7088557fa6,2026-03-02T01:08:00.497633Z,aec-cbb-char-ncw-2026-03-01,NO,Seahawks,BUY,BUY_SHORT,LIMIT,DAY,taker,28,0.07,0.93,0.03,-26.07,26.07
419,F-3a77793ba4d1,O-53624584b006,P-baeedbe423,2026-03-02T04:00:59.931410Z,aec-nhl-cgy-ana-2026-03-01,NO,Ducks,BUY,BUY_SHORT,LIMIT,DAY,taker,1,0.42,0.58,0.01,-0.59,0.59
420,F-f8fabef5d448,O-b42f309b637d,P-0fa9065d83,2026-03-04T01:27:09.818564Z,aec-cbb-ala-ga-2026-03-03,NO,Bulldogs,BUY,BUY_SHORT,LIMIT,DAY,taker,1,0.17,0.83,0.01,-0.84,0.84
421,F-8633adcf791e,O-e11b274ef526,P-20f39c1eda,2026-03-04T02:14:51.595749Z,aec-cbb-okst-ucf-2026-03-03,YES,Cowboys,BUY,BUY_LONG,LIMIT,DAY,taker,1,0.66,0.66,0.01,-0.67,0.67
422,F-71e4f5c2ab51,O-93c46f61f60d,P-c991042a4c,2026-03-04T03:20:22.272889Z,aec-cbb-kan-arzst-2026-03-03,NO,Sun Devils,BUY,BUY_SHORT,LIMIT,DAY,taker,1,0.11,0.89,0.01,-0.9,0.9
423,F-66d68ce9f3ec,O-ae155da01c4f,P-d3fa730391,2026-03-04T03:21:15.732901Z,aec-cbb-miss-vand-2026-03-03,NO,Commodores,BUY,BUY_SHORT,LIMIT,DAY,taker,1,0.45,0.55,0.01,-0.56,0.56
424,F-b5af396914e6,O-6cdecf54f94e,P-f032f7b156,2026-03-08T00:55:26.653749Z,aec-cbb-ncar-duke-2026-03-07,YES,Tar Heels,BUY,BUY_LONG,LIMIT,DAY,taker,1,0.09,0.09,0.01,-0.1,0.1
425,F-91f640d21aca,O-858dc34afab9,P-ada92cb375,2026-03-08T00:55:47.206443Z,aec-cbb-soumis-applst-2026-03-07,YES,Golden Eagles,BUY,BUY_LONG,LIMIT,DAY,taker,2,0.91,0.91,0.01,-1.83,1.83
426,F-2c52ab36aa10,O-01cad58c56b2,P-a6e80fb545,2026-03-08T06:04:28.731464Z,aec-cbb-arz-col-2026-03-07,YES,Wildcats,BUY,BUY_LONG,LIMIT,DAY,taker,2,0.96,0.96,0.01,-1.93,1.93
427,F-5f0656994af7,O-8c78df93aa92,P-005b03be82,2026-03-09T23:00:55.730120Z,aec-cbb-no-tamu-2026-03-09,NO,Islanders,BUY,BUY_SHORT,LIMIT,DAY,taker,2,0.2,0.8,0,-1.6,1.6
428,F-d57dc4514851,O-435fa537aa8a,P-36f4b7322f,2026-03-10T02:13:22.749291Z,aec-cbb-tows-hofst-2026-03-09,YES,Tigers,BUY,BUY_LONG,LIMIT,DAY,taker,1,0.29,0.29,0,-0.29,0.29
429,F-8ecc4c89b4ce,O-dbd594474334,P-8bf753e4bd,2026-03-11T02:35:39.761012Z,aec-nba-cha-por-2026-03-10,NO,Trail Blazers,BUY,BUY_SHORT,LIMIT,DAY,taker,7,0.34,0.66,0.01,-4.63,4.63
430,F-498c29ad377f,O-d77021e4bd2a,P-7a326854ff,2026-03-11T02:36:16.449719Z,aec-cbb-utrgv-mcnst-2026-03-10,NO,Cowboys,BUY,BUY_SHORT,LIMIT,DAY,taker,6,0.1,0.9,0.02,-5.42,5.42
431,F-b5f4169bc029,O-a3e4a5bf1645,P-3d8b63e85d,2026-03-12T20:19:45.163000Z,aec-cbb-lou-mia-2026-03-12,NO,Hurricanes,BUY,BUY_SHORT,LIMIT,DAY,taker,9,0.29,0.71,0.02,-6.41,6.41
432,F-2c1b54cd2bc7,O-79fac2180ca9,P-9f6e414b62,2026-03-14T06:25:15.847995Z,aec-cbb-nmx-sdst-2026-03-13,NO,Aztecs,BUY,BUY_SHORT,LIMIT,DAY,taker,11,0.19,0.81,0.03,-8.94,8.94
433,F-6f84a23a0efa,O-1c23aaf93825,P-d85b5d5f5a,2026-03-14T17:54:01.150883Z,aec-cbb-vand-fl-2026-03-14,YES,Commodores,BUY,BUY_LONG,LIMIT,DAY,taker,8,0.62,0.62,0.01,-4.97,4.97
434,F-ebc951b24486,O-04e2aa1e269d,P-d85b5d5f5a,2026-03-14T17:54:55.487252Z,aec-cbb-vand-fl-2026-03-14,YES,Commodores,BUY,BUY_LONG,LIMIT,DAY,taker,9,0.69,0.69,0.02,-6.23,6.23
435,F-eeb667f03647,O-92f65759da61,P-b7fbbd2c5c,2026-03-17T01:48:08.035519Z,aec-nba-pho-bos-2026-03-16,YES,Suns,BUY,BUY_LONG,LIMIT,DAY,taker,17,0.57,0.57,0.03,-9.72,9.72
436,F-acbf6414791a,O-49e1f5e822dd,P-4b083b6a9a,2026-03-17T02:55:42.958993Z,aec-nba-lal-hou-2026-03-16,NO,Rockets,BUY,BUY_SHORT,LIMIT,DAY,taker,11,0.35,0.65,0.02,-7.17,7.17
437,F-f8d3481fed3a,O-a5bb0b900aa1,P-1571318265,2026-09-14T00:46:53.640827Z,caoc-7a37238e49a7f98a,YES,,BUY,BUY_LONG,LIMIT,IMMEDIATE_OR_CANCEL,taker,28.29,0.34,0.34,0.38,-9.9986,9.9986
438,F-a532f463e47c,O-d235a754c934,P-a5afb1d2b2,2026-09-15T03:25:10.318362Z,caoc-099cf6abe6e5c19b,YES,,BUY,BUY_LONG,LIMIT,IMMEDIATE_OR_CANCEL,taker,32.32,0.297,0.297,0.4,-9.99904,9.99904
439,F-0fbc6b4ae270,O-3e6b5a7db977,P-a6cf55fe01,2026-09-15T22:40:37.567194Z,caoc-9863e52deca57c14,YES,,BUY,BUY_LONG,LIMIT,IMMEDIATE_OR_CANCEL,taker,26.05,0.37,0.37,0.36,-9.9985,9.9985
440,F-327766225b43,O-d674106120e0,P-a4a30e284e,2026-09-16T19:08:10.921636Z,caoc-d8e086e29ac07bb7,YES,,BUY,BUY_LONG,LIMIT,IMMEDIATE_OR_CANCEL,taker,40.9,0.474,0.474,0.61,-19.9966,19.9966
441,F-707c8eb5baed,O-4a2af57f64a6,P-84d9fb6a9b,2026-09-16T22:41:50.486875Z,caoc-bcea31b677f64eec,YES,,BUY,BUY_LONG,LIMIT,IMMEDIATE_OR_CANCEL,taker,12.27,0.805,0.805,0.12,-9.99735,9.99735
442,F-1806e4eafecf,O-3a3024448771,P-fa01d02553,2026-09-17T00:22:18.729507Z,caoc-bf587cf5b4d8baba,YES,,BUY,BUY_LONG,LIMIT,IMMEDIATE_OR_CANCEL,taker,40.82,0.475,0.475,0.61,-19.9995,19.9995
443,F-30015d513f2c,O-cb9e67a8f86f,P-dbce7b0dcb,2026-09-17T02:50:32.435408Z,caoc-001f30e34fc3ed67,YES,,BUY,BUY_LONG,LIMIT,IMMEDIATE_OR_CANCEL,taker,39.41,0.62,0.62,0.56,-24.9942,24.9942
444,F-7e54fe37ca41,O-90a0bf4cebba,P-f4e65c3624,2026-09-17T08:01:19.817486Z,caoc-e27c9ed2e86d361e,YES,,BUY,BUY_LONG,LIMIT,IMMEDIATE_OR_CANCEL,taker,64.09,0.222,0.222,0.77,-14.99798,14.99798
445,F-b087885927d0,O-4acc72b1aa2e,P-ac90a15351,2026-09-17T09:12:55.213221Z,caoc-5e8a0926babe559e,YES,,BUY,BUY_LONG,LIMIT,IMMEDIATE_OR_CANCEL,taker,78.83,0.18,0.18,0.81,-14.9994,14.9994
446,F-936824909d43,O-034e30ec5718,P-1cc5412463,2026-09-17T09:15:15.793535Z,caoc-1c5694c9b4792527,YES,,BUY,BUY_LONG,LIMIT,IMMEDIATE_OR_CANCEL,taker,115.9,0.122,0.122,0.86,-14.9998,14.9998
447,F-7eab9d3c4d2d,O-67ab7833c766,P-5582f3404c,2026-09-17T09:16:52.078867Z,caoc-a096b841e4635a3f,YES,,BUY,BUY_LONG,LIMIT,IMMEDIATE_OR_CANCEL,taker,146.71,0.064,0.064,0.61,-9.99944,9.99944
448,F-7f1efb5e43f8,O-3f2f1acb8283,P-60dd908018,2026-09-17T09:19:24.966804Z,caoc-ec2d63794be414e2,YES,,BUY,BUY_LONG,LIMIT,IMMEDIATE_OR_CANCEL,taker,26.03,0.368,0.368,0.42,-9.99904,9.99904
