market_slug,kind,league,title,event_slug,event_start_utc,start_source,n_legs,legs_json,exch_open_net
aec-cbb-akron-emich-2026-02-03,single,cbb,Akron vs. Eastern Michigan 2026-02-03,cbb-akron-emich-2026-02-03,,,1,,
aec-cbb-ala-ga-2026-03-03,single,cbb,Alabama vs. Georgia 2026-03-03,cbb-ala-ga-2026-03-03,,,1,,
aec-cbb-albny-bryant-2026-02-05,single,cbb,Albany vs. Bryant 2026-02-05,cbb-albny-bryant-2026-02-05,,,1,,
aec-cbb-arz-col-2026-03-07,single,cbb,Arizona vs. Colorado 2026-03-07,cbb-arz-col-2026-03-07,,,1,,
aec-cbb-arz-hou-2026-02-21,single,cbb,Arizona vs. Houston 2026-02-21,cbb-arz-hou-2026-02-21,,,1,,
aec-cbb-aubrn-mspst-2026-02-18,single,cbb,Auburn vs. Mississippi State 2026-02-18,cbb-aubrn-mspst-2026-02-18,,,1,,
aec-cbb-ausp-queen-2026-02-11,single,cbb,Austin Peay vs. Queens (NC) 2026-02-11,cbb-ausp-queen-2026-02-11,,,1,,
aec-cbb-bcook-jackst-2026-02-16,single,cbb,Bethune-Cookman vs. Jackson State 2026-02-16,cbb-bcook-jackst-2026-02-16,,,1,,
aec-cbb-belm-illchi-2026-02-06,single,cbb,Belmont vs. UIC 2026-02-06,cbb-belm-illchi-2026-02-06,,,1,,
aec-cbb-bing-umbc-2026-02-05,single,cbb,Binghamton vs. UMBC 2026-02-05,cbb-bing-umbc-2026-02-05,,,1,,
aec-cbb-boise-utahst-2026-02-18,single,cbb,Boise State vs. Utah State 2026-02-18,cbb-boise-utahst-2026-02-18,,,1,,
aec-cbb-boscol-flst-2026-02-17,single,cbb,Boston College vs. Florida State 2026-02-17,cbb-boscol-flst-2026-02-17,,,1,,
aec-cbb-bostu-army-2026-02-11,single,cbb,Boston vs. Army 2026-02-11,cbb-bostu-army-2026-02-11,,,1,,
aec-cbb-bradly-niowa-2026-02-06,single,cbb,Bradley vs. Northern Iowa 2026-02-06,cbb-bradly-niowa-2026-02-06,,,1,,
aec-cbb-buf-ballst-2026-02-11,single,cbb,Buffalo vs. Ball State 2026-02-11,cbb-buf-ballst-2026-02-11,,,1,,
aec-cbb-byu-okst-2026-02-04,single,cbb,BYU vs. Oklahoma State 2026-02-04,cbb-byu-okst-2026-02-04,,,1,,
aec-cbb-cans-niagra-2026-02-03,single,cbb,Canisius vs. Niagara 2026-02-03,cbb-cans-niagra-2026-02-03,,,1,,
aec-cbb-char-ncw-2026-03-01,single,cbb,Charleston vs. UNCW 2026-03-01,cbb-char-ncw-2026-03-01,,,1,,
aec-cbb-chat-etnst-2026-02-11,single,cbb,Chattanooga vs. East Tennessee State 2026-02-11,cbb-chat-etnst-2026-02-11,,,1,,
aec-cbb-chist-cencon-2026-02-05,single,cbb,Chicago State vs. Central Connecticut State 2026-02-05,cbb-chist-cencon-2026-02-05,,,1,,
aec-cbb-cita-wcar-2026-02-11,single,cbb,The Citadel vs. Western Carolina 2026-02-11,cbb-cita-wcar-2026-02-11,,,1,,
aec-cbb-cmich-loulaf-2026-02-07,single,cbb,Central Michigan vs. Louisiana-Lafayette 2026-02-07,cbb-cmich-loulaf-2026-02-07,,,1,,
aec-cbb-cmich-umass-2026-02-03,single,cbb,Central Michigan vs. Massachusetts 2026-02-03,cbb-cmich-umass-2026-02-03,,,1,,
aec-cbb-colg-holy-2026-02-11,single,cbb,Colgate vs. Holy Cross 2026-02-11,cbb-colg-holy-2026-02-11,,,1,,
aec-cbb-colst-unlv-2026-02-18,single,cbb,Colorado State vs. UNLV 2026-02-18,cbb-colst-unlv-2026-02-18,,,1,,
aec-cbb-day-vcu-2026-02-06,single,cbb,Dayton vs. VCU 2026-02-06,cbb-day-vcu-2026-02-06,,,1,,
aec-cbb-delst-ncc-2026-02-09,single,cbb,Delaware State vs. North Carolina Central 2026-02-09,cbb-delst-ncc-2026-02-09,,,1,,
aec-cbb-den-ndkst-2026-02-05,single,cbb,Denver vs. North Dakota State 2026-02-05,cbb-den-ndkst-2026-02-05,,,1,,
aec-cbb-drake-illst-2026-02-06,single,cbb,Drake vs. Illinois State 2026-02-06,cbb-drake-illst-2026-02-06,,,1,,
aec-cbb-drexel-camp-2026-02-05,single,cbb,Drexel vs. Campbell 2026-02-05,cbb-drexel-camp-2026-02-05,,,1,,
aec-cbb-eill-tenst-2026-02-05,single,cbb,Eastern Illinois vs. Tennessee State 2026-02-05,cbb-eill-tenst-2026-02-05,,,1,,
aec-cbb-elon-hamp-2026-02-05,single,cbb,Elon vs. Hampton 2026-02-05,cbb-elon-hamp-2026-02-05,,,1,,
aec-cbb-emich-kentst-2026-02-11,single,cbb,Eastern Michigan vs. Kent State 2026-02-11,cbb-emich-kentst-2026-02-11,,,1,,
aec-cbb-evans-valp-2026-02-06,single,cbb,Evansville vs. Valparaiso 2026-02-06,cbb-evans-valp-2026-02-06,,,1,,
aec-cbb-ewash-mont-2026-02-05,single,cbb,Eastern Washington vs. Montana 2026-02-05,cbb-ewash-mont-2026-02-05,,,1,,
aec-cbb-flgc-ekent-2026-02-05,single,cbb,Florida Gulf Coast vs. Eastern Kentucky 2026-02-05,cbb-flgc-ekent-2026-02-05,,,1,,
aec-cbb-flst-nd-2026-02-07,single,cbb,Florida State vs. Notre Dame 2026-02-07,cbb-flst-nd-2026-02-07,,,1,,
aec-cbb-furman-merc-2026-02-11,single,cbb,Furman vs. Mercer 2026-02-11,cbb-furman-merc-2026-02-11,,,1,,
aec-cbb-gcan-unlv-2026-02-07,single,cbb,Grand Canyon vs. UNLV 2026-02-07,cbb-gcan-unlv-2026-02-07,,,1,,
aec-cbb-gmsn-rich-2026-02-10,single,cbb,George Mason vs. Richmond 2026-02-10,cbb-gmsn-rich-2026-02-10,,,1,,
aec-cbb-gnzg-port-2026-02-04,single,cbb,Gonzaga vs. Portland 2026-02-04,cbb-gnzg-port-2026-02-04,,,1,,
aec-cbb-gnzg-stmry-2026-02-28,single,cbb,Gonzaga vs. Saint Mary's 2026-02-28,cbb-gnzg-stmry-2026-02-28,,,1,,
aec-cbb-idaho-monst-2026-02-05,single,cbb,Idaho vs. Montana State 2026-02-05,cbb-idaho-monst-2026-02-05,,,1,,
aec-cbb-illst-evans-2026-02-09,single,cbb,Illinois State vs. Evansville 2026-02-09,cbb-illst-evans-2026-02-09,,,1,,
aec-cbb-incar-tamu-2026-02-02,single,cbb,Incarnate Word vs. Texas A&M-Corpus Christi 2026-02-02,cbb-incar-tamu-2026-02-02,,,1,,
aec-cbb-ind-usc-2026-02-03,single,cbb,Indiana vs. USC 2026-02-03,cbb-ind-usc-2026-02-03,,,1,,
aec-cbb-iona-siena-2026-02-05,single,cbb,Iona vs. Siena 2026-02-05,cbb-iona-siena-2026-02-05,,,1,,
aec-cbb-iowa-mary-2026-02-11,single,cbb,Iowa vs. Maryland 2026-02-11,cbb-iowa-mary-2026-02-11,,,1,,
aec-cbb-jac-arlr-2026-02-05,single,cbb,Lindenwood vs. Little Rock 2026-02-05,cbb-jac-arlr-2026-02-05,,,1,,
aec-cbb-jax-stetsn-2026-02-11,single,cbb,Jacksonville vs. Stetson 2026-02-11,cbb-jax-stetsn-2026-02-11,,,1,,
aec-cbb-jaxst-wkent-2026-02-05,single,cbb,Jacksonville State vs. Western Kentucky 2026-02-05,cbb-jaxst-wkent-2026-02-05,,,1,,
aec-cbb-kan-arzst-2026-03-03,single,cbb,Kansas vs. Arizona State 2026-03-03,cbb-kan-arzst-2026-03-03,,,1,,
aec-cbb-kentst-toledo-2026-02-03,single,cbb,Kent State vs. Toledo 2026-02-03,cbb-kentst-toledo-2026-02-03,,,1,,
aec-cbb-lasal-loych-2026-02-03,single,cbb,La Salle vs. Loyola Chicago 2026-02-03,cbb-lasal-loych-2026-02-03,,,1,,
aec-cbb-lbst-csu-2026-02-28,single,cbb,Long Beach State vs. Bakersfield 2026-02-28,cbb-lbst-csu-2026-02-28,,,1,,
aec-cbb-lbst-ucsd-2026-02-05,single,cbb,Long Beach State vs. California-San Diego 2026-02-05,cbb-lbst-ucsd-2026-02-05,,,1,,
aec-cbb-longwd-chsou-2026-02-21,single,cbb,Longwood vs. Charleston Southern 2026-02-21,cbb-longwd-chsou-2026-02-21,,,1,,
aec-cbb-lou-mia-2026-03-12,single,cbb,Louisville vs. Miami 2026-03-12,cbb-lou-mia-2026-03-12,,,1,,
aec-cbb-marq-vill-2026-02-10,single,cbb,Marquette vs. Villanova 2026-02-10,cbb-marq-vill-2026-02-10,,,1,,
aec-cbb-marsh-old-2026-02-11,single,cbb,Marshall vs. Old Dominion 2026-02-11,cbb-marsh-old-2026-02-11,,,1,,
aec-cbb-mcnst-no-2026-02-28,single,cbb,McNeese State vs. New Orleans 2026-02-28,cbb-mcnst-no-2026-02-28,,,1,,
aec-cbb-merc-chat-2026-02-05,single,cbb,Mercer vs. Chattanooga 2026-02-05,cbb-merc-chat-2026-02-05,,,1,,
aec-cbb-miaoh-buf-2026-02-03,single,cbb,Miami (OH) vs. Buffalo 2026-02-03,cbb-miaoh-buf-2026-02-03,,,1,,
aec-cbb-miaoh-marsh-2026-02-07,single,cbb,Miami (OH) vs. Marshall 2026-02-07,cbb-miaoh-marsh-2026-02-07,,,1,,
aec-cbb-mich-pur-2026-02-17,single,cbb,Michigan vs. Purdue 2026-02-17,cbb-mich-pur-2026-02-17,,,1,,
aec-cbb-miss-tenn-2026-02-03,single,cbb,Ole Miss vs. Tennessee 2026-02-03,cbb-miss-tenn-2026-02-03,,,1,,
aec-cbb-miss-vand-2026-03-03,single,cbb,Ole Miss vs. Vanderbilt 2026-03-03,cbb-miss-vand-2026-03-03,,,1,,
aec-cbb-monm-stbr-2026-02-05,single,cbb,Monmouth vs. Stony Brook 2026-02-05,cbb-monm-stbr-2026-02-05,,,1,,
aec-cbb-mphs-ntx-2026-02-12,single,cbb,Memphis vs. North Texas 2026-02-12,cbb-mphs-ntx-2026-02-12,,,1,,
aec-cbb-mphs-uab-2026-02-05,single,cbb,Memphis vs. UAB 2026-02-05,cbb-mphs-uab-2026-02-05,,,1,,
aec-cbb-murst-sill-2026-02-06,single,cbb,Murray State vs. Southern Illinois 2026-02-06,cbb-murst-sill-2026-02-06,,,1,,
aec-cbb-nal-lipsc-2026-02-21,single,cbb,North Alabama vs. Lipscomb 2026-02-21,cbb-nal-lipsc-2026-02-21,,,1,,
aec-cbb-narz-idhst-2026-02-05,single,cbb,Northern Arizona vs. Idaho State 2026-02-05,cbb-narz-idhst-2026-02-05,,,1,,
aec-cbb-ncar-duke-2026-03-07,single,cbb,North Carolina vs. Duke 2026-03-07,cbb-ncar-duke-2026-03-07,,,1,,
aec-cbb-ncar-mia-2026-02-10,single,cbb,North Carolina vs. Miami 2026-02-10,cbb-ncar-mia-2026-02-10,,,1,,
aec-cbb-ncc-norfst-2026-02-07,single,cbb,North Carolina Central vs. Norfolk State 2026-02-07,cbb-ncc-norfst-2026-02-07,,,1,,
aec-cbb-ncol-webst-2026-02-05,single,cbb,Northern Colorado vs. Weber State 2026-02-05,cbb-ncol-webst-2026-02-05,,,1,,
aec-cbb-nd-smu-2026-02-10,single,cbb,Notre Dame vs. SMU 2026-02-10,cbb-nd-smu-2026-02-10,,,1,,
aec-cbb-nd-syra-2026-01-31,single,cbb,Notre Dame vs. Syracuse 2026-01-31,cbb-nd-syra-2026-01-31,,,1,,
aec-cbb-neom-ndak-2026-02-05,single,cbb,Omaha vs. North Dakota 2026-02-05,cbb-neom-ndak-2026-02-05,,,1,,
aec-cbb-nfl-uwg-2026-02-05,single,cbb,North Florida vs. West Georgia 2026-02-05,cbb-nfl-uwg-2026-02-05,,,1,,
aec-cbb-nhvn-liub-2026-02-05,single,cbb,New Haven vs. LIU 2026-02-05,cbb-nhvn-liub-2026-02-05,,,1,,
aec-cbb-niowa-belm-2026-02-12,single,cbb,Northern Iowa vs. Belmont 2026-02-12,cbb-niowa-belm-2026-02-12,,,1,,
aec-cbb-nmx-sdst-2026-03-13,single,cbb,New Mexico vs. San Diego State 2026-03-13,cbb-nmx-sdst-2026-03-13,,,1,,
aec-cbb-no-tamu-2026-03-09,single,cbb,New Orleans vs. Texas A&M-Corpus Christi 2026-03-09,cbb-no-tamu-2026-03-09,,,1,,
aec-cbb-nwst-lamar-2026-02-09,single,cbb,Northwestern State vs. Lamar 2026-02-09,cbb-nwst-lamar-2026-02-09,,,1,,
aec-cbb-ohiost-mary-2026-02-05,single,cbb,Ohio State vs. Maryland 2026-02-05,cbb-ohiost-mary-2026-02-05,,,1,,
aec-cbb-okl-lsu-2026-02-28,single,cbb,Oklahoma vs. LSU 2026-02-28,cbb-okl-lsu-2026-02-28,,,1,,
aec-cbb-okst-ucf-2026-03-03,single,cbb,Oklahoma State vs. UCF 2026-03-03,cbb-okst-ucf-2026-03-03,,,1,,
aec-cbb-pacfc-washst-2026-02-18,single,cbb,Pacific vs. Washington State 2026-02-18,cbb-pacfc-washst-2026-02-18,,,1,,
aec-cbb-pennst-mich-2026-02-05,single,cbb,Penn State vs. Michigan 2026-02-05,cbb-pennst-mich-2026-02-05,,,1,,
aec-cbb-pepp-port-2026-02-18,single,cbb,Pepperdine vs. Portland 2026-02-18,cbb-pepp-port-2026-02-18,,,1,,
aec-cbb-presb-scup-2026-02-21,single,cbb,Presbyterian vs. USC Upstate 2026-02-21,cbb-presb-scup-2026-02-21,,,1,,
aec-cbb-prov-seton-2026-02-11,single,cbb,Providence vs. Seton Hall 2026-02-11,cbb-prov-seton-2026-02-11,,,1,,
aec-cbb-pur-nebr-2026-02-10,single,cbb,Purdue vs. Nebraska 2026-02-10,cbb-pur-nebr-2026-02-10,,,1,,
aec-cbb-sc-tx-2026-02-03,single,cbb,South Carolina vs. Texas 2026-02-03,cbb-sc-tx-2026-02-03,,,1,,
aec-cbb-sdst-colst-2026-02-21,single,cbb,San Diego State vs. Colorado State 2026-02-21,cbb-sdst-colst-2026-02-21,,,1,,
aec-cbb-sill-illst-2026-02-03,single,cbb,Southern Illinois vs. Illinois State 2026-02-03,cbb-sill-illst-2026-02-03,,,1,,
aec-cbb-soumis-applst-2026-03-07,single,cbb,Southern Miss vs. Appalachian State 2026-03-07,cbb-soumis-applst-2026-03-07,,,1,,
aec-cbb-stbon-day-2026-02-03,single,cbb,St. Bonaventure vs. Dayton 2026-02-03,cbb-stbon-day-2026-02-03,,,1,,
aec-cbb-stfpa-mrcy-2026-02-05,single,cbb,St. Francis (PA) vs. Mercyhurst 2026-02-05,cbb-stfpa-mrcy-2026-02-05,,,1,,
aec-cbb-stmry-sea-2026-02-18,single,cbb,Saint Mary's vs. Seattle 2026-02-18,cbb-stmry-sea-2026-02-18,,,1,,
aec-cbb-stnh-liub-2026-02-07,single,cbb,Stonehill vs. LIU 2026-02-07,cbb-stnh-liub-2026-02-07,,,1,,
aec-cbb-stpete-manh-2026-02-05,single,cbb,Saint Peter's vs. Manhattan 2026-02-05,cbb-stpete-manh-2026-02-05,,,1,,
aec-cbb-tarl-cabap-2026-02-05,single,cbb,Tarleton State vs. California Baptist 2026-02-05,cbb-tarl-cabap-2026-02-05,,,1,,
aec-cbb-tarl-sutah-2026-02-07,single,cbb,Tarleton State vs. Southern Utah 2026-02-07,cbb-tarl-sutah-2026-02-07,,,1,,
aec-cbb-tenn-uk-2026-02-07,single,cbb,Tennessee vs. Kentucky 2026-02-07,cbb-tenn-uk-2026-02-07,,,1,,
aec-cbb-tenst-usi-2026-02-12,single,cbb,Tennessee State vs. Southern Indiana 2026-02-12,cbb-tenst-usi-2026-02-12,,,1,,
aec-cbb-toledo-jmad-2026-02-07,single,cbb,Toledo vs. James Madison 2026-02-07,cbb-toledo-jmad-2026-02-07,,,1,,
aec-cbb-tows-hofst-2026-03-09,single,cbb,Towson vs. Hofstra 2026-03-09,cbb-tows-hofst-2026-03-09,,,1,,
aec-cbb-txa-abchr-2026-02-12,single,cbb,UT Arlington vs. Abilene Christian 2026-02-12,cbb-txa-abchr-2026-02-12,,,1,,
aec-cbb-txa-dxst-2026-02-05,single,cbb,UT Arlington vs. Utah Tech 2026-02-05,cbb-txa-dxst-2026-02-05,,,1,,
aec-cbb-txamc-sfaus-2026-02-09,single,cbb,East Texas A&M vs. Stephen F. Austin 2026-02-09,cbb-txamc-sfaus-2026-02-09,,,1,,
aec-cbb-txs-bcook-2026-02-09,single,cbb,Texas Southern vs. Bethune-Cookman 2026-02-09,cbb-txs-bcook-2026-02-09,,,1,,
aec-cbb-txtech-arzst-2026-02-17,single,cbb,Texas Tech vs. Arizona State 2026-02-17,cbb-txtech-arzst-2026-02-17,,,1,,
aec-cbb-ucirv-calpol-2026-02-12,single,cbb,UC Irvine vs. Cal Poly 2026-02-12,cbb-ucirv-calpol-2026-02-12,,,1,,
aec-cbb-uconn-stjohn-2026-02-06,single,cbb,Connecticut vs. St. John's 2026-02-06,cbb-uconn-stjohn-2026-02-06,,,1,,
aec-cbb-ucrvs-csufl-2026-02-05,single,cbb,UC Riverside vs. Cal State Fullerton 2026-02-05,cbb-ucrvs-csufl-2026-02-05,,,1,,
aec-cbb-ucrvs-csunr-2026-02-07,single,cbb,UC Riverside vs. CSUN 2026-02-07,cbb-ucrvs-csunr-2026-02-07,,,1,,
aec-cbb-unlv-nevada-2026-01-30,single,cbb,UNLV vs. Nevada 2026-01-30,cbb-unlv-nevada-2026-01-30,,,1,,
aec-cbb-usc-ohiost-2026-02-11,single,cbb,USC vs. Ohio State 2026-02-11,cbb-usc-ohiost-2026-02-11,,,1,,
aec-cbb-uscb-ucdv-2026-02-05,single,cbb,UC Santa Barbara vs. UC Davis 2026-02-05,cbb-uscb-ucdv-2026-02-05,,,1,,
aec-cbb-uscb-ucirv-2026-02-28,single,cbb,UC Santa Barbara vs. UC Irvine 2026-02-28,cbb-uscb-ucirv-2026-02-28,,,1,,
aec-cbb-uscb-ucrvs-2026-02-12,single,cbb,UC Santa Barbara vs. UC Riverside 2026-02-12,cbb-uscb-ucrvs-2026-02-12,,,1,,
aec-cbb-usi-eill-2026-02-21,single,cbb,Southern Indiana vs. Eastern Illinois 2026-02-21,cbb-usi-eill-2026-02-21,,,1,,
aec-cbb-utah-wvir-2026-02-18,single,cbb,Utah vs. West Virginia 2026-02-18,cbb-utah-wvir-2026-02-18,,,1,,
aec-cbb-utahv-dxst-2026-02-12,single,cbb,Utah Valley vs. Utah Tech 2026-02-12,cbb-utahv-dxst-2026-02-12,,,1,,
aec-cbb-utep-jaxst-2026-02-11,single,cbb,UTEP vs. Jacksonville State 2026-02-11,cbb-utep-jaxst-2026-02-11,,,1,,
aec-cbb-utrgv-mcnst-2026-03-10,single,cbb,Texas-Rio Grande Valley vs. McNeese State 2026-03-10,cbb-utrgv-mcnst-2026-03-10,,,1,,
aec-cbb-valp-drake-2026-02-09,single,cbb,Valparaiso vs. Drake 2026-02-09,cbb-valp-drake-2026-02-09,,,1,,
aec-cbb-vand-aubrn-2026-02-10,single,cbb,Vanderbilt vs. Auburn 2026-02-10,cbb-vand-aubrn-2026-02-10,,,1,,
aec-cbb-vand-fl-2026-03-14,single,cbb,Vanderbilt vs. Florida 2026-03-14,cbb-vand-fl-2026-03-14,,,1,,
aec-cbb-vcu-fordm-2026-02-03,single,cbb,VCU vs. Fordham 2026-02-03,cbb-vcu-fordm-2026-02-03,,,1,,
aec-cbb-verm-maine-2026-02-05,single,cbb,Vermont vs. Maine 2026-02-05,cbb-verm-maine-2026-02-05,,,1,,
aec-cbb-vir-flst-2026-02-10,single,cbb,Virginia vs. Florida State 2026-02-10,cbb-vir-flst-2026-02-10,,,1,,
aec-cbb-vtech-clmsn-2026-02-11,single,cbb,Virginia Tech vs. Clemson 2026-02-11,cbb-vtech-clmsn-2026-02-11,,,1,,
aec-cbb-washst-pepp-2026-02-28,single,cbb,Washington State vs. Pepperdine 2026-02-28,cbb-washst-pepp-2026-02-28,,,1,,
aec-cbb-wbd-iupui-2026-02-10,single,cbb,Milwaukee vs. IU Indy 2026-02-10,cbb-wbd-iupui-2026-02-10,,,1,,
aec-cbb-winth-hpnt-2026-02-21,single,cbb,Winthrop vs. High Point 2026-02-21,cbb-winth-hpnt-2026-02-21,,,1,,
aec-cbb-wvir-cin-2026-02-05,single,cbb,West Virginia vs. Cincinnati 2026-02-05,cbb-wvir-cin-2026-02-05,,,1,,
aec-cbb-xav-stjohn-2026-02-09,single,cbb,Xavier vs. St. John's 2026-02-09,cbb-xav-stjohn-2026-02-09,,,1,,
aec-cbb-xav-uconn-2026-02-03,single,cbb,Xavier vs. Connecticut 2026-02-03,cbb-xav-uconn-2026-02-03,,,1,,
aec-cbb-yale-howrd-2026-02-09,single,cbb,Yale vs. Howard 2026-02-09,cbb-yale-howrd-2026-02-09,,,1,,
aec-nba-atl-bos-2026-01-28,single,nba,Atlanta vs. Boston 2026-01-28,nba-atl-bos-2026-01-28,,,1,,
aec-nba-bkn-pho-2026-01-27,single,nba,Brooklyn vs. Phoenix 2026-01-27,nba-bkn-pho-2026-01-27,,,1,,
aec-nba-cha-mem-2026-01-28,single,nba,Charlotte vs. Memphis 2026-01-28,nba-cha-mem-2026-01-28,,,1,,
aec-nba-cha-por-2026-03-10,single,nba,Charlotte vs. Portland 2026-03-10,nba-cha-por-2026-03-10,,,1,,
aec-nba-chi-ind-2026-01-28,single,nba,Chicago vs. Indiana 2026-01-28,nba-chi-ind-2026-01-28,,,1,,
aec-nba-chi-mia-2026-02-01,single,nba,Chicago vs. Miami 2026-02-01,nba-chi-mia-2026-02-01,,,1,,
aec-nba-chi-tor-2026-02-05,single,nba,Chicago vs. Toronto 2026-02-05,nba-chi-tor-2026-02-05,,,1,,
aec-nba-cle-lac-2026-02-04,single,nba,Cleveland vs. Los Angeles C 2026-02-04,nba-cle-lac-2026-02-04,,,1,,
aec-nba-cle-por-2026-02-01,single,nba,Cleveland vs. Portland 2026-02-01,nba-cle-por-2026-02-01,,,1,,
aec-nba-den-chi-2026-02-07,single,nba,Denver vs. Chicago 2026-02-07,nba-den-chi-2026-02-07,,,1,,
aec-nba-det-den-2026-01-27,single,nba,Detroit vs. Denver 2026-01-27,nba-det-den-2026-01-27,,,1,,
aec-nba-det-gs-2026-01-30,single,nba,Detroit vs. Golden State 2026-01-30,nba-det-gs-2026-01-30,,,1,,
aec-nba-gs-lal-2026-02-07,single,nba,Golden State vs. Los Angeles L 2026-02-07,nba-gs-lal-2026-02-07,,,1,,
aec-nba-gs-pho-2026-02-05,single,nba,Golden State vs. Phoenix 2026-02-05,nba-gs-pho-2026-02-05,,,1,,
aec-nba-gs-uta-2026-01-28,single,nba,Golden State vs. Utah 2026-01-28,nba-gs-uta-2026-01-28,,,1,,
aec-nba-hou-ind-2026-02-02,single,nba,Houston vs. Indiana 2026-02-02,nba-hou-ind-2026-02-02,,,1,,
aec-nba-ind-mil-2026-02-06,single,nba,Indiana vs. Milwaukee 2026-02-06,nba-ind-mil-2026-02-06,,,1,,
aec-nba-lac-pho-2026-02-01,single,nba,Los Angeles C vs. Phoenix 2026-02-01,nba-lac-pho-2026-02-01,,,1,,
aec-nba-lac-sac-2026-02-06,single,nba,Los Angeles C vs. Sacramento 2026-02-06,nba-lac-sac-2026-02-06,,,1,,
aec-nba-lac-uta-2026-01-27,single,nba,Los Angeles C vs. Utah 2026-01-27,nba-lac-uta-2026-01-27,,,1,,
aec-nba-lal-cle-2026-01-28,single,nba,Los Angeles L vs. Cleveland 2026-01-28,nba-lal-cle-2026-01-28,,,1,,
aec-nba-lal-hou-2026-03-16,single,nba,Los Angeles L vs. Houston 2026-03-16,nba-lal-hou-2026-03-16,,,1,,
aec-nba-lal-ny-2026-02-01,single,nba,Los Angeles L vs. New York 2026-02-01,nba-lal-ny-2026-02-01,,,1,,
aec-nba-lal-pho-2026-02-26,single,nba,Los Angeles L vs. Phoenix 2026-02-26,nba-lal-pho-2026-02-26,,,1,,
aec-nba-mem-por-2026-02-06,single,nba,Memphis vs. Portland 2026-02-06,nba-mem-por-2026-02-06,,,1,,
aec-nba-mia-bos-2026-02-06,single,nba,Miami vs. Boston 2026-02-06,nba-mia-bos-2026-02-06,,,1,,
aec-nba-mia-phi-2026-02-26,single,nba,Miami vs. Philadelphia 2026-02-26,nba-mia-phi-2026-02-26,,,1,,
aec-nba-min-dal-2026-01-28,single,nba,Minnesota vs. Dallas 2026-01-28,nba-min-dal-2026-01-28,,,1,,
aec-nba-min-mem-2026-02-02,single,nba,Minnesota vs. Memphis 2026-02-02,nba-min-mem-2026-02-02,,,1,,
aec-nba-no-min-2026-02-06,single,nba,New Orleans vs. Minnesota 2026-02-06,nba-no-min-2026-02-06,,,1,,
aec-nba-ny-det-2026-02-06,single,nba,New York vs. Detroit 2026-02-06,nba-ny-det-2026-02-06,,,1,,
aec-nba-ny-tor-2026-01-28,single,nba,New York vs. Toronto 2026-01-28,nba-ny-tor-2026-01-28,,,1,,
aec-nba-ny-was-2026-02-03,single,nba,New York vs. Washington 2026-02-03,nba-ny-was-2026-02-03,,,1,,
aec-nba-okc-sa-2026-02-04,single,nba,Oklahoma City vs. San Antonio 2026-02-04,nba-okc-sa-2026-02-04,,,1,,
aec-nba-orl-mia-2026-01-28,single,nba,Orlando vs. Miami 2026-01-28,nba-orl-mia-2026-01-28,,,1,,
aec-nba-orl-sa-2026-02-01,single,nba,Orlando vs. San Antonio 2026-02-01,nba-orl-sa-2026-02-01,,,1,,
aec-nba-phi-gs-2026-02-03,single,nba,Philadelphia vs. Golden State 2026-02-03,nba-phi-gs-2026-02-03,,,1,,
aec-nba-phi-lac-2026-02-02,single,nba,Philadelphia vs. Los Angeles C 2026-02-02,nba-phi-lac-2026-02-02,,,1,,
aec-nba-phi-lal-2026-02-05,single,nba,Philadelphia vs. Los Angeles L 2026-02-05,nba-phi-lal-2026-02-05,,,1,,
aec-nba-phi-pho-2026-02-07,single,nba,Philadelphia vs. Phoenix 2026-02-07,nba-phi-pho-2026-02-07,,,1,,
aec-nba-pho-bos-2026-03-16,single,nba,Phoenix vs. Boston 2026-03-16,nba-pho-bos-2026-03-16,,,1,,
aec-nba-pho-por-2026-02-03,single,nba,Phoenix vs. Portland 2026-02-03,nba-pho-por-2026-02-03,,,1,,
aec-nba-por-ny-2026-01-30,single,nba,Portland vs. New York 2026-01-30,nba-por-ny-2026-01-30,,,1,,
aec-nba-sa-cha-2026-01-31,single,nba,San Antonio vs. Charlotte 2026-01-31,nba-sa-cha-2026-01-31,,,1,,
aec-nba-sa-hou-2026-01-28,single,nba,San Antonio vs. Houston 2026-01-28,nba-sa-hou-2026-01-28,,,1,,
aec-nba-sac-was-2026-02-01,single,nba,Sacramento vs. Washington 2026-02-01,nba-sac-was-2026-02-01,,,1,,
aec-nba-uta-atl-2026-02-05,single,nba,Utah vs. Atlanta 2026-02-05,nba-uta-atl-2026-02-05,,,1,,
aec-nba-uta-ind-2026-02-03,single,nba,Utah vs. Indiana 2026-02-03,nba-uta-ind-2026-02-03,,,1,,
aec-nba-uta-tor-2026-02-01,single,nba,Utah vs. Toronto 2026-02-01,nba-uta-tor-2026-02-01,,,1,,
aec-nba-was-det-2026-02-05,single,nba,Washington vs. Detroit 2026-02-05,nba-was-det-2026-02-05,,,1,,
aec-nfl-buf-jax-2026-01-11,single,nfl,Buffalo vs. Jacksonville,nfl-buf-jax-2026-01-11,,,1,,
aec-nfl-gb-chi-2026-01-10,single,nfl,Green Bay vs. Chicago,nfl-gb-chi-2026-01-10,,,1,,
aec-nfl-hou-ne-2026-01-18,single,nfl,Houston vs. New England,nfl-hou-ne-2026-01-18,,,1,,
aec-nfl-hou-pit-2026-01-12,single,nfl,Houston vs. Pittsburgh,nfl-hou-pit-2026-01-12,,,1,,
aec-nfl-lac-ne-2026-01-11,single,nfl,Los Angeles C vs. New England,nfl-lac-ne-2026-01-11,,,1,,
aec-nfl-lar-car-2026-01-10,single,nfl,Los Angeles R vs. Carolina,nfl-lar-car-2026-01-10,,,1,,
aec-nfl-lar-chi-2026-01-18,single,nfl,Los Angeles R vs. Chicago,nfl-lar-chi-2026-01-18,,,1,,
aec-nfl-lar-sea-2026-01-25,single,nfl,Los Angeles R vs. Seattle,nfl-lar-sea-2026-01-25,,,1,,
aec-nfl-ne-den-2026-01-25,single,nfl,New England vs. Denver,nfl-ne-den-2026-01-25,,,1,,
aec-nfl-sea-ne-2026-02-08,single,nfl,Seattle vs. New England,nfl-sea-ne-2026-02-08,,,1,,
aec-nfl-sf-phi-2026-01-11,single,nfl,San Francisco vs. Philadelphia,nfl-sf-phi-2026-01-11,,,1,,
aec-nhl-bos-tb-2026-02-01,single,nhl,BOS Bruins vs. TB Lightning 2026-02-01,nhl-bos-tb-2026-02-01,,,1,,
aec-nhl-car-nyr-2026-02-05,single,nhl,CAR Hurricanes vs. NYR Rangers 2026-02-05,nhl-car-nyr-2026-02-05,,,1,,
aec-nhl-cgy-ana-2026-03-01,single,nhl,CGY Flames vs. ANA Ducks 2026-03-01,nhl-cgy-ana-2026-03-01,,,1,,
aec-nhl-fla-tb-2026-02-05,single,nhl,FLA Panthers vs. TB Lightning 2026-02-05,nhl-fla-tb-2026-02-05,,,1,,
aec-nhl-ott-pit-2026-02-02,single,nhl,OTT Senators vs. PIT Penguins 2026-02-02,nhl-ott-pit-2026-02-02,,,1,,
aec-nhl-veg-ana-2026-02-01,single,nhl,VEG Golden Knights vs. ANA Ducks 2026-02-01,nhl-veg-ana-2026-02-01,,,1,,
aec-ufc-alevol-dielop-2026-01-31,single,ufc,Alexander Volkanovski vs. Diego Lopes 2026-01-31,ufc-alevol-dielop-2026-01-31,,,1,,
aec-ufc-danhoo-bensai-2026-01-31,single,ufc,Dan Hooker vs. Benoît Saint Denis 2026-01-31,ufc-danhoo-bensai-2026-01-31,,,1,,
aec-ufc-jammul-quisal-2026-01-31,single,ufc,Jamie Mullarkey vs. Quillan Salkilld 2026-01-31,ufc-jammul-quisal-2026-01-31,,,1,,
aec-ufc-raffiz-mauruf-2026-01-31,single,ufc,Rafael Fiziev vs. Mauricio Ruffy 2026-01-31,ufc-raffiz-mauruf-2026-01-31,,,1,,
aec-ufc-taitui-taltei-2026-01-31,single,ufc,Tai Tuivasa vs. Tallison Teixeira 2026-01-31,ufc-taitui-taltei-2026-01-31,,,1,,
caoc-001f30e34fc3ed67,combo,lco+mlb+wta,Kansas City Royals (Kansas City Royals vs. Houston Astros) | Miami Marlins (Miami Marlins vs. Arizona Diamondbacks) | San Diego Padres (San Diego Padres vs. Colorado Rockies) | Liudmila Samsonova (Kayla Day vs. Liudmila Samsonova) | Yes (Internacional de Bogota vs. Atletico Nacional),,2026-09-17T00:10:00.000000Z,exchange: earliest combo leg start,5,"[{""event_slug"": ""mlb-kc-hou-2026-09-16"", ""league"": ""mlb"", ""outcome"": ""Kansas City Royals"", ""side"": ""YES"", ""start_utc"": ""2026-09-17T00:10:00.000000Z"", ""state"": ""WON"", ""title"": ""Kansas City Royals vs. Houston Astros""}, {""event_slug"": ""mlb-mia-az-2026-09-16"", ""league"": ""mlb"", ""outcome"": ""Miami Marlins"", ""side"": ""YES"", ""start_utc"": ""2026-09-17T01:40:00.000000Z"", ""state"": ""WON"", ""title"": ""Miami Marlins vs. Arizona Diamondbacks""}, {""event_slug"": ""mlb-sd-col-2026-09-16"", ""league"": ""mlb"", ""outcome"": ""San Diego Padres"", ""side"": ""YES"", ""start_utc"": ""2026-09-17T00:40:00.000000Z"", ""state"": ""WON"", ""title"": ""San Diego Padres vs. Colorado Rockies""}, {""event_slug"": ""wta-kayday-liusam-2026-09-16"", ""league"": ""wta"", ""outcome"": ""Liudmila Samsonova"", ""side"": ""NO"", ""start_utc"": ""2026-09-17T00:45:00.000000Z"", ""state"": ""WON"", ""title"": ""Kayla Day vs. Liudmila Samsonova""}, {""event_slug"": ""lco-leq-atl-2026-09-16"", ""league"": ""lco"", ""outcome"": ""Yes"", ""side"": ""YES"", ""start_utc"": ""2026-09-17T01:20:00.000000Z"", ""state"": ""WON"", ""title"": ""Internacional de Bogota vs. Atletico Nacional""}]",
caoc-099cf6abe6e5c19b,combo,atp+itfme+itfwo+mlb,Arthur Weber (Arthur Weber vs. Koki Matsuda) | Luka Pavlovic (Ha Minh Duc Vu vs. Luka Pavlovic) | Lachlan Vickery (Lachlan Vickery vs. Daniil Savelev) | Sheng Tang (Sheng Tang vs. Artem Markelov) | Priska Madelyn Nugroho (Miho Kuramochi vs. Priska Madelyn Nugroho) | Mutsumi Uemura (Mutsumi Uemura vs. Miyu Nakashima) | Ruien Zhang (Ruien Zhang vs. Rina Saigo) | Xinxin Yao (Xinxin Yao vs. Wushuang Zheng) | San Diego Padres (San Diego Padres vs. Colorado Rockies) | Los Angeles Angels (Seattle Mariners vs. Los Angeles Angels),,2026-09-15T00:40:00.000000Z,exchange: earliest combo leg start,10,"[{""event_slug"": ""atp-artweb-kokmat-2026-09-13"", ""league"": ""atp"", ""outcome"": ""Arthur Weber"", ""side"": ""YES"", ""start_utc"": ""2026-09-15T03:10:00.000000Z"", ""state"": ""WON"", ""title"": ""Arthur Weber vs. Koki Matsuda""}, {""event_slug"": ""atp-hamvu-lukpav-2026-09-13"", ""league"": ""atp"", ""outcome"": ""Luka Pavlovic"", ""side"": ""NO"", ""start_utc"": ""2026-09-15T03:10:00.000000Z"", ""state"": ""WON"", ""title"": ""Ha Minh Duc Vu vs. Luka Pavlovic""}, {""event_slug"": ""itfme-lacvic-dansav-2026-09-15"", ""league"": ""itfme"", ""outcome"": ""Lachlan Vickery"", ""side"": ""YES"", ""start_utc"": ""2026-09-15T02:10:55.000000Z"", ""state"": ""WON"", ""title"": ""Lachlan Vickery vs. Daniil Savelev""}, {""event_slug"": ""itfme-shetan-artmar-2026-09-15"", ""league"": ""itfme"", ""outcome"": ""Sheng Tang"", ""side"": ""YES"", ""start_utc"": ""2026-09-15T02:10:02.000000Z"", ""state"": ""WON"", ""title"": ""Sheng Tang vs. Artem Markelov""}, {""event_slug"": ""itfwo-mihkur-prinug-2026-09-15"", ""league"": ""itfwo"", ""outcome"": ""Priska Madelyn Nugroho"", ""side"": ""NO"", ""start_utc"": ""2026-09-15T02:08:49.000000Z"", ""state"": ""WON"", ""title"": ""Miho Kuramochi vs. Priska Madelyn Nugroho""}, {""event_slug"": ""itfwo-mutuem-miynak-2026-09-15"", ""league"": ""itfwo"", ""outcome"": ""Mutsumi Uemura"", ""side"": ""YES"", ""start_utc"": ""2026-09-15T02:43:07.000000Z"", ""state"": ""WON"", ""title"": ""Mutsumi Uemura vs. Miyu Nakashima""}, {""event_slug"": ""itfwo-ruizha-rinsai-2026-09-15"", ""league"": ""itfwo"", ""outcome"": ""Ruien Zhang"", ""side"": ""YES"", ""start_utc"": ""2026-09-15T02:10:19.000000Z"", ""state"": ""WON"", ""title"": ""Ruien Zhang vs. Rina Saigo""}, {""event_slug"": ""itfwo-xinyao-wuszhe-2026-09-15"", ""league"": ""itfwo"", ""outcome"": ""Xinxin Yao"", ""side"": ""YES"", ""start_utc"": ""2026-09-15T02:07:01.000000Z"", ""state"": ""LOST"", ""title"": ""Xinxin Yao vs. Wushuang Zheng""}, {""event_slug"": ""mlb-sd-col-2026-09-14"", ""league"": ""mlb"", ""outcome"": ""San Diego Padres"", ""side"": ""YES"", ""start_utc"": ""2026-09-15T00:40:00.000000Z"", ""state"": ""WON"", ""title"": ""San Diego Padres vs. Colorado Rockies""}, {""event_slug"": ""mlb-sea-laa-2026-09-14"", ""league"": ""mlb"", ""outcome"": ""Los Angeles Angels"", ""side"": ""NO"", ""start_utc"": ""2026-09-15T01:38:00.000000Z"", ""state"": ""WON"", ""title"": ""Seattle Mariners vs. Los Angeles Angels""}]",
caoc-1c5694c9b4792527,combo,nfl,Buccaneers (CLE Browns vs TB Buccaneers) | Chiefs (IND Colts vs KC Chiefs) | Chargers (LV Raiders vs LA Chargers) | 49ers (MIA Dolphins vs SF 49ers) | Rams (NY Giants vs LA Rams) | Seahawks (SEA Seahawks vs ARI Cardinals) | Cowboys (WAS Commanders vs DAL Cowboys),,2026-09-20T17:00:00.000000Z,exchange: earliest combo leg start,7,"[{""event_slug"": ""nfl-cle-tb-2026-09-20"", ""league"": ""nfl"", ""outcome"": ""Buccaneers"", ""side"": ""NO"", ""start_utc"": ""2026-09-20T17:00:00.000000Z"", ""state"": ""PENDING"", ""title"": ""CLE Browns vs TB Buccaneers""}, {""event_slug"": ""nfl-ind-kc-2026-09-20"", ""league"": ""nfl"", ""outcome"": ""Chiefs"", ""side"": ""NO"", ""start_utc"": ""2026-09-21T00:20:00.000000Z"", ""state"": ""PENDING"", ""title"": ""IND Colts vs KC Chiefs""}, {""event_slug"": ""nfl-lv-lac-2026-09-20"", ""league"": ""nfl"", ""outcome"": ""Chargers"", ""side"": ""NO"", ""start_utc"": ""2026-09-20T20:05:00.000000Z"", ""state"": ""PENDING"", ""title"": ""LV Raiders vs LA Chargers""}, {""event_slug"": ""nfl-mia-sf-2026-09-20"", ""league"": ""nfl"", ""outcome"": ""49ers"", ""side"": ""NO"", ""start_utc"": ""2026-09-20T20:25:00.000000Z"", ""state"": ""PENDING"", ""title"": ""MIA Dolphins vs SF 49ers""}, {""event_slug"": ""nfl-nyg-lar-2026-09-21"", ""league"": ""nfl"", ""outcome"": ""Rams"", ""side"": ""NO"", ""start_utc"": ""2026-09-22T00:15:00.000000Z"", ""state"": ""PENDING"", ""title"": ""NY Giants vs LA Rams""}, {""event_slug"": ""nfl-sea-ari-2026-09-20"", ""league"": ""nfl"", ""outcome"": ""Seahawks"", ""side"": ""YES"", ""start_utc"": ""2026-09-20T20:25:00.000000Z"", ""state"": ""PENDING"", ""title"": ""SEA Seahawks vs ARI Cardinals""}, {""event_slug"": ""nfl-was-dal-2026-09-20"", ""league"": ""nfl"", ""outcome"": ""Cowboys"", ""side"": ""NO"", ""start_utc"": ""2026-09-20T20:25:00.000000Z"", ""state"": ""PENDING"", ""title"": ""WAS Commanders vs DAL Cowboys""}]",115.9
caoc-5e8a0926babe559e,combo,nfl,Bills (DET Lions vs BUF Bills) | Packers (GB Packers vs NY Jets) | Ravens (NO Saints vs BAL Ravens) | Eagles (PHI Eagles vs TEN Titans) | Patriots (PIT Steelers vs NE Patriots),,2026-09-18T00:15:00.000000Z,exchange: earliest combo leg start,5,"[{""event_slug"": ""nfl-det-buf-2026-09-17"", ""league"": ""nfl"", ""outcome"": ""Bills"", ""side"": ""NO"", ""start_utc"": ""2026-09-18T00:15:00.000000Z"", ""state"": ""PENDING"", ""title"": ""DET Lions vs BUF Bills""}, {""event_slug"": ""nfl-gb-nyj-2026-09-20"", ""league"": ""nfl"", ""outcome"": ""Packers"", ""side"": ""YES"", ""start_utc"": ""2026-09-20T17:00:00.000000Z"", ""state"": ""PENDING"", ""title"": ""GB Packers vs NY Jets""}, {""event_slug"": ""nfl-no-bal-2026-09-20"", ""league"": ""nfl"", ""outcome"": ""Ravens"", ""side"": ""NO"", ""start_utc"": ""2026-09-20T17:00:00.000000Z"", ""state"": ""PENDING"", ""title"": ""NO Saints vs BAL Ravens""}, {""event_slug"": ""nfl-phi-ten-2026-09-20"", ""league"": ""nfl"", ""outcome"": ""Eagles"", ""side"": ""YES"", ""start_utc"": ""2026-09-20T17:00:00.000000Z"", ""state"": ""PENDING"", ""title"": ""PHI Eagles vs TEN Titans""}, {""event_slug"": ""nfl-pit-ne-2026-09-20"", ""league"": ""nfl"", ""outcome"": ""Patriots"", ""side"": ""NO"", ""start_utc"": ""2026-09-20T17:00:00.000000Z"", ""state"": ""PENDING"", ""title"": ""PIT Steelers vs NE Patriots""}]",78.83
caoc-7a37238e49a7f98a,combo,nfl,Giants (DAL Cowboys vs NY Giants) | Chiefs (DEN Broncos vs KC Chiefs),,2026-09-14T00:20:00.000000Z,exchange: earliest combo leg start,2,"[{""event_slug"": ""nfl-dal-nyg-2026-09-13"", ""league"": ""nfl"", ""outcome"": ""Giants"", ""side"": ""NO"", ""start_utc"": ""2026-09-14T00:20:00.000000Z"", ""state"": ""WON"", ""title"": ""DAL Cowboys vs NY Giants""}, {""event_slug"": ""nfl-den-kc-2026-09-14"", ""league"": ""nfl"", ""outcome"": ""Chiefs"", ""side"": ""NO"", ""start_utc"": ""2026-09-15T00:15:00.000000Z"", ""state"": ""WON"", ""title"": ""DEN Broncos vs KC Chiefs""}]",
caoc-9863e52deca57c14,combo,setkamemd+setkameua,Goncharov Dmitri (Bulat Alexandru vs. Goncharov Dmitri) | Konkulovskyi Roman (Konkulovskyi Roman vs. Chaikovskyi Bohdan) | Kovalchuk Oleksandr (Kovalchuk Oleksandr vs. Rubtsov Eduard) | Hnoiovyi Roman (Ponomarenko Tymur vs. Hnoiovyi Roman),,2026-09-15T22:25:00.000000Z,exchange: earliest combo leg start,4,"[{""event_slug"": ""setkamemd-bulale-gondmi-2026-09-15"", ""league"": ""setkamemd"", ""outcome"": ""Goncharov Dmitri"", ""side"": ""NO"", ""start_utc"": ""2026-09-15T22:30:00.000000Z"", ""state"": ""WON"", ""title"": ""Bulat Alexandru vs. Goncharov Dmitri""}, {""event_slug"": ""setkameua-konrom-chaboh-2026-09-15"", ""league"": ""setkameua"", ""outcome"": ""Konkulovskyi Roman"", ""side"": ""YES"", ""start_utc"": ""2026-09-15T22:30:00.000000Z"", ""state"": ""WON"", ""title"": ""Konkulovskyi Roman vs. Chaikovskyi Bohdan""}, {""event_slug"": ""setkameua-kovole-rubedu-2026-09-15"", ""league"": ""setkameua"", ""outcome"": ""Kovalchuk Oleksandr"", ""side"": ""YES"", ""start_utc"": ""2026-09-15T22:25:00.000000Z"", ""state"": ""WON"", ""title"": ""Kovalchuk Oleksandr vs. Rubtsov Eduard""}, {""event_slug"": ""setkameua-pontym-hnorom-2026-09-15"", ""league"": ""setkameua"", ""outcome"": ""Hnoiovyi Roman"", ""side"": ""NO"", ""start_utc"": ""2026-09-15T22:35:00.000000Z"", ""state"": ""WON"", ""title"": ""Ponomarenko Tymur vs. Hnoiovyi Roman""}]",
caoc-a096b841e4635a3f,combo,nfl,Falcons (CAR Panthers vs ATL Falcons) | Jaguars (JAC Jaguars vs DEN Broncos) | Vikings (MIN Vikings vs CHI Bears),,2026-09-20T17:00:00.000000Z,exchange: earliest combo leg start,3,"[{""event_slug"": ""nfl-car-atl-2026-09-20"", ""league"": ""nfl"", ""outcome"": ""Falcons"", ""side"": ""NO"", ""start_utc"": ""2026-09-20T17:00:00.000000Z"", ""state"": ""PENDING"", ""title"": ""CAR Panthers vs ATL Falcons""}, {""event_slug"": ""nfl-jax-den-2026-09-20"", ""league"": ""nfl"", ""outcome"": ""Jaguars"", ""side"": ""YES"", ""start_utc"": ""2026-09-20T20:05:00.000000Z"", ""state"": ""PENDING"", ""title"": ""JAC Jaguars vs DEN Broncos""}, {""event_slug"": ""nfl-min-chi-2026-09-20"", ""league"": ""nfl"", ""outcome"": ""Vikings"", ""side"": ""YES"", ""start_utc"": ""2026-09-20T17:00:00.000000Z"", ""state"": ""PENDING"", ""title"": ""MIN Vikings vs CHI Bears""}]",146.71
caoc-bcea31b677f64eec,combo,cs2+sud+wta,Bounty Hunters Esports (Bounty Hunters Esports vs. Yawara Esports) | Iva Jovic (Zeynep Sonmez vs. Iva Jovic) | Yes (CA Mineiro vs. Santos FC),,2026-09-16T21:00:00.000000Z,exchange: earliest combo leg start,3,"[{""event_slug"": ""cs2-bhe-yaw-2026-09-16"", ""league"": ""cs2"", ""outcome"": ""Bounty Hunters Esports"", ""side"": ""YES"", ""start_utc"": ""2026-09-16T21:30:00.000000Z"", ""state"": ""WON"", ""title"": ""Bounty Hunters Esports vs. Yawara Esports""}, {""event_slug"": ""wta-zeyson-ivajov-2026-09-16"", ""league"": ""wta"", ""outcome"": ""Iva Jovic"", ""side"": ""NO"", ""start_utc"": ""2026-09-16T21:00:00.000000Z"", ""state"": ""WON"", ""title"": ""Zeynep Sonmez vs. Iva Jovic""}, {""event_slug"": ""sud-cam-sfa-2026-09-16"", ""league"": ""sud"", ""outcome"": ""Yes"", ""side"": ""YES"", ""start_utc"": ""2026-09-16T22:00:00.000000Z"", ""state"": ""WON"", ""title"": ""CA Mineiro vs. Santos FC""}]",
caoc-bf587cf5b4d8baba,combo,mlb,Baltimore Orioles (Baltimore Orioles vs. New York Mets) | Cincinnati Reds (Los Angeles Dodgers vs. Cincinnati Reds) | Milwaukee Brewers (Milwaukee Brewers vs. Pittsburgh Pirates) | Philadelphia Phillies (Philadelphia Phillies vs. Washington Nationals),,2026-09-16T22:40:00.000000Z,exchange: earliest combo leg start,4,"[{""event_slug"": ""mlb-bal-nym-2026-09-16"", ""league"": ""mlb"", ""outcome"": ""Baltimore Orioles"", ""side"": ""YES"", ""start_utc"": ""2026-09-16T23:10:00.000000Z"", ""state"": ""WON"", ""title"": ""Baltimore Orioles vs. New York Mets""}, {""event_slug"": ""mlb-lad-cin-2026-09-16"", ""league"": ""mlb"", ""outcome"": ""Cincinnati Reds"", ""side"": ""NO"", ""start_utc"": ""2026-09-16T22:40:00.000000Z"", ""state"": ""WON"", ""title"": ""Los Angeles Dodgers vs. Cincinnati Reds""}, {""event_slug"": ""mlb-mil-pit-2026-09-16"", ""league"": ""mlb"", ""outcome"": ""Milwaukee Brewers"", ""side"": ""YES"", ""start_utc"": ""2026-09-16T22:40:00.000000Z"", ""state"": ""WON"", ""title"": ""Milwaukee Brewers vs. Pittsburgh Pirates""}, {""event_slug"": ""mlb-phi-wsh-2026-09-16"", ""league"": ""mlb"", ""outcome"": ""Philadelphia Phillies"", ""side"": ""YES"", ""start_utc"": ""2026-09-16T22:45:00.000000Z"", ""state"": ""WON"", ""title"": ""Philadelphia Phillies vs. Washington Nationals""}]",
caoc-d8e086e29ac07bb7,combo,atp+mlb,Diego Dedura-Palomero (Diego Dedura-Palomero vs. Kilian Feldbausch) | Cleveland Guardians (Chicago White Sox vs. Cleveland Guardians) | Minnesota Twins (New York Yankees vs. Minnesota Twins) | San Francisco Giants (San Francisco Giants vs. St. Louis Cardinals),,2026-09-16T16:40:00.000000Z,exchange: earliest combo leg start,4,"[{""event_slug"": ""atp-dieded-kilfel-2026-09-16"", ""league"": ""atp"", ""outcome"": ""Diego Dedura-Palomero"", ""side"": ""YES"", ""start_utc"": ""2026-09-16T16:40:00.000000Z"", ""state"": ""WON"", ""title"": ""Diego Dedura-Palomero vs. Kilian Feldbausch""}, {""event_slug"": ""mlb-cws-cle-2026-09-16"", ""league"": ""mlb"", ""outcome"": ""Cleveland Guardians"", ""side"": ""NO"", ""start_utc"": ""2026-09-16T17:10:00.000000Z"", ""state"": ""WON"", ""title"": ""Chicago White Sox vs. Cleveland Guardians""}, {""event_slug"": ""mlb-nyy-min-2026-09-16"", ""league"": ""mlb"", ""outcome"": ""Minnesota Twins"", ""side"": ""NO"", ""start_utc"": ""2026-09-16T17:40:00.000000Z"", ""state"": ""WON"", ""title"": ""New York Yankees vs. Minnesota Twins""}, {""event_slug"": ""mlb-sf-stl-2026-09-16"", ""league"": ""mlb"", ""outcome"": ""San Francisco Giants"", ""side"": ""YES"", ""start_utc"": ""2026-09-16T17:15:00.000000Z"", ""state"": ""WON"", ""title"": ""San Francisco Giants vs. St. Louis Cardinals""}]",
caoc-e27c9ed2e86d361e,combo,atp+itfme+setkameua,Petr Bar Biryukov (Petr Bar Biryukov vs. Naoya Honda) | Ivan Gretskiy (Ivan Gretskiy vs. Keshav Chopra) | Matteo Vavassori (Matteo Vavassori vs. Martin VAN DER MEERSCHEN) | Mytsyk Oleksandr (Mytsyk Oleksandr vs. Ovsiienko Oleksandr),,2026-09-17T06:10:42.000000Z,exchange: earliest combo leg start,4,"[{""event_slug"": ""atp-petbir-naohon-2026-09-16"", ""league"": ""atp"", ""outcome"": ""Petr Bar Biryukov"", ""side"": ""YES"", ""start_utc"": ""2026-09-17T07:40:00.000000Z"", ""state"": ""WON"", ""title"": ""Petr Bar Biryukov vs. Naoya Honda""}, {""event_slug"": ""itfme-ivagre-kescho-2026-09-17"", ""league"": ""itfme"", ""outcome"": ""Ivan Gretskiy"", ""side"": ""YES"", ""start_utc"": ""2026-09-17T06:10:42.000000Z"", ""state"": ""WON"", ""title"": ""Ivan Gretskiy vs. Keshav Chopra""}, {""event_slug"": ""itfme-matvav-marmee-2026-09-17"", ""league"": ""itfme"", ""outcome"": ""Matteo Vavassori"", ""side"": ""YES"", ""start_utc"": ""2026-09-17T06:40:04.000000Z"", ""state"": ""LOST"", ""title"": ""Matteo Vavassori vs. Martin VAN DER MEERSCHEN""}, {""event_slug"": ""setkameua-mytole-ovsole-2026-09-17"", ""league"": ""setkameua"", ""outcome"": ""Mytsyk Oleksandr"", ""side"": ""YES"", ""start_utc"": ""2026-09-17T07:50:00.000000Z"", ""state"": ""WON"", ""title"": ""Mytsyk Oleksandr vs. Ovsiienko Oleksandr""}]",
caoc-ec2d63794be414e2,combo,nfl,Texans (CIN Bengals vs HOU Texans) | Packers (GB Packers vs NY Jets),,2026-09-20T17:00:00.000000Z,exchange: earliest combo leg start,2,"[{""event_slug"": ""nfl-cin-hou-2026-09-20"", ""league"": ""nfl"", ""outcome"": ""Texans"", ""side"": ""NO"", ""start_utc"": ""2026-09-20T17:00:00.000000Z"", ""state"": ""PENDING"", ""title"": ""CIN Bengals vs HOU Texans""}, {""event_slug"": ""nfl-gb-nyj-2026-09-20"", ""league"": ""nfl"", ""outcome"": ""Packers"", ""side"": ""YES"", ""start_utc"": ""2026-09-20T17:00:00.000000Z"", ""state"": ""PENDING"", ""title"": ""GB Packers vs NY Jets""}]",26.03
