market_slug,settled_ts,yes_price,no_price,market_status,exch_net_before,exch_qty_bought,exch_qty_sold,exch_realized_before,exch_realized_delta,exch_cost_after
aec-cbb-akron-emich-2026-02-03,2026-02-04T01:35:06.236487Z,1,0,RESOLVED,-147,471,618,73.388,-33.51,0
aec-cbb-ala-ga-2026-03-03,2026-03-04T02:00:56.827034Z,0,1,RESOLVED,-1,0,1,0,0.17,0
aec-cbb-albny-bryant-2026-02-05,2026-02-06T01:00:03.486202Z,1,0,RESOLVED,-75,53,128,-5.247,-58.125,0
aec-cbb-arz-col-2026-03-07,2026-03-08T06:17:19.499268Z,1,0,RESOLVED,2,2,0,0,0.08,0
aec-cbb-arz-hou-2026-02-21,2026-02-21T22:40:17.464226Z,1,0,RESOLVED,7,7,0,0,4.123,0
aec-cbb-aubrn-mspst-2026-02-18,2026-02-19T04:11:55.945447Z,0,1,RESOLVED,3,3,0,0,-1.734,0
aec-cbb-ausp-queen-2026-02-11,2026-02-12T02:17:26.282869Z,1,0,RESOLVED,15,15,0,0,5.109,0
aec-cbb-bcook-jackst-2026-02-16,2026-02-17T02:21:06.500759Z,0,1,RESOLVED,-11,0,11,0,1.595,0
aec-cbb-belm-illchi-2026-02-06,2026-02-07T04:01:23.586855Z,1,0,RESOLVED,44,44,0,0,19.272,0
aec-cbb-boscol-flst-2026-02-17,2026-02-18T01:11:21.757506Z,0,1,RESOLVED,8,8,0,0,-4.56,0
aec-cbb-bostu-army-2026-02-11,2026-02-12T01:01:16.283205Z,1,0,RESOLVED,17,17,0,0,7.043,0
aec-cbb-bradly-niowa-2026-02-06,2026-02-07T02:54:56.178376Z,0,1,RESOLVED,74,74,0,0,-34.3,0
aec-cbb-buf-ballst-2026-02-11,2026-02-12T02:06:41.351027Z,1,0,RESOLVED,12,12,0,0,2.364,0
aec-cbb-byu-okst-2026-02-04,2026-02-05T04:28:11.441027Z,0,1,RESOLVED,-202,0,202,0,3.03,0
aec-cbb-char-ncw-2026-03-01,2026-03-02T02:25:41.611235Z,1,0,RESOLVED,-28,0,28,0,-26.04,0
aec-cbb-chat-etnst-2026-02-11,2026-02-12T02:14:01.060935Z,0,1,RESOLVED,-11,0,11,0,1.639,0
aec-cbb-chist-cencon-2026-02-05,2026-02-06T01:44:20.790864Z,0,1,RESOLVED,19,19,0,0,-4.921,0
aec-cbb-cita-wcar-2026-02-11,2026-02-12T00:59:35.922862Z,0,1,RESOLVED,-12,0,12,0,2.448,0
aec-cbb-cmich-loulaf-2026-02-07,2026-02-07T23:01:01.982541Z,0,1,RESOLVED,84,84,0,0,-24.864,0
aec-cbb-cmich-umass-2026-02-03,2026-02-04T02:14:35.564740Z,0,1,RESOLVED,55,55,0,0,-24.86,0
aec-cbb-colg-holy-2026-02-11,2026-02-12T01:13:21.815368Z,1,0,RESOLVED,12,12,0,0,2.64,0
aec-cbb-colst-unlv-2026-02-18,2026-02-19T06:31:56.623469Z,1,0,RESOLVED,25,25,0,0,6.529,0
aec-cbb-day-vcu-2026-02-06,2026-02-07T02:18:11.307180Z,0,1,RESOLVED,41,41,0,0,-9.852,0
aec-cbb-delst-ncc-2026-02-09,2026-02-10T03:18:55.518291Z,0,1,RESOLVED,62,62,0,0,-24.738,0
aec-cbb-den-ndkst-2026-02-05,2026-02-06T03:00:27.121521Z,1,0,RESOLVED,309,309,0,0,189.337,0
aec-cbb-drake-illst-2026-02-06,2026-02-07T02:57:56.029907Z,0,1,RESOLVED,73,73,0,0,-14.892,0
aec-cbb-drexel-camp-2026-02-05,2026-02-06T02:06:31.057386Z,0,1,RESOLVED,97,97,0,0,-49.567,0
aec-cbb-eill-tenst-2026-02-05,2026-02-06T03:43:28.104341Z,0,1,RESOLVED,298,298,0,0,-89.444,0
aec-cbb-emich-kentst-2026-02-11,2026-02-12T02:08:36.035978Z,0,1,RESOLVED,15,15,0,0,-9.391,0
aec-cbb-evans-valp-2026-02-06,2026-02-07T03:03:36.034737Z,0,1,RESOLVED,124,184,60,-25.317,-74.26,0
aec-cbb-ewash-mont-2026-02-05,2026-02-06T04:05:49.446133Z,1,0,RESOLVED,175,175,0,0,115.536,0
aec-cbb-flgc-ekent-2026-02-05,2026-02-06T02:05:15.690495Z,0,1,RESOLVED,54,54,0,0,-49.464,0
aec-cbb-flst-nd-2026-02-07,2026-02-07T23:29:22.456763Z,1,0,RESOLVED,40,40,0,0,15.244,0
aec-cbb-furman-merc-2026-02-11,2026-02-12T02:15:35.932299Z,0,1,RESOLVED,20,20,0,0,-9.84,0
aec-cbb-gcan-unlv-2026-02-07,2026-02-08T00:01:19.421118Z,0,1,RESOLVED,-82,0,82,0,18.532,0
aec-cbb-gmsn-rich-2026-02-10,2026-02-11T02:06:26.177671Z,0,1,RESOLVED,-53,0,53,0,3.275,0
aec-cbb-gnzg-port-2026-02-04,2026-02-05T05:17:55.914852Z,0,1,RESOLVED,-174,0,174,0,144.072,0
aec-cbb-gnzg-stmry-2026-02-28,2026-03-01T05:38:01.863866Z,0,1,RESOLVED,32,32,0,0,-19.86,0
aec-cbb-idaho-monst-2026-02-05,2026-02-06T03:54:14.602848Z,0,1,RESOLVED,-11,0,11,0,1.793,0
aec-cbb-illst-evans-2026-02-09,2026-02-10T02:55:50.693599Z,0,1,RESOLVED,-40,0,40,0,15.404,0
aec-cbb-incar-tamu-2026-02-02,2026-02-03T04:19:56.040896Z,1,0,RESOLVED,35,35,0,0,15.295,0
aec-cbb-ind-usc-2026-02-03,2026-02-04T05:17:21.279219Z,0,1,RESOLVED,-164,0,164,0,15.016,0
aec-cbb-iona-siena-2026-02-05,2026-02-06T02:04:10.672888Z,0,1,RESOLVED,-119,188,307,-71.546,19.754,0
aec-cbb-iowa-mary-2026-02-11,2026-02-12T01:26:06.760642Z,0,1,RESOLVED,11,11,0,0,-9.262,0
aec-cbb-jac-arlr-2026-02-05,2026-02-06T03:28:16.525070Z,1,0,RESOLVED,153,153,0,0,43.855,0
aec-cbb-jax-stetsn-2026-02-11,2026-02-12T02:19:15.929219Z,0,1,RESOLVED,-15,0,15,0,5.37,0
aec-cbb-jaxst-wkent-2026-02-05,2026-02-06T04:33:43.318168Z,1,0,RESOLVED,73,73,0,0,38.601,0
aec-cbb-kan-arzst-2026-03-03,2026-03-04T04:35:42.214070Z,0,1,RESOLVED,-1,0,1,0,0.11,0
aec-cbb-lasal-loych-2026-02-03,2026-02-04T03:05:55.632209Z,0,1,RESOLVED,85,85,0,0,-58.626,0
aec-cbb-lbst-csu-2026-02-28,2026-03-01T04:54:26.530722Z,1,0,RESOLVED,15,15,0,0,5.1,0
aec-cbb-lbst-ucsd-2026-02-05,2026-02-06T05:08:23.158059Z,0,1,RESOLVED,83,83,0,0,-24.9,0
aec-cbb-longwd-chsou-2026-02-21,2026-02-21T23:48:26.260940Z,1,0,RESOLVED,4,4,0,0,2.144,0
aec-cbb-lou-mia-2026-03-12,2026-03-12T21:13:22.247217Z,0,1,RESOLVED,-9,0,9,0,2.61,0
aec-cbb-marq-vill-2026-02-10,2026-02-11T02:44:46.489926Z,0,1,RESOLVED,11,11,0,0,-0.957,0
aec-cbb-marsh-old-2026-02-11,2026-02-12T02:53:16.460848Z,1,0,RESOLVED,-11,0,11,0,-9.174,0
aec-cbb-mcnst-no-2026-02-28,2026-03-01T01:12:31.045265Z,1,0,RESOLVED,-7,0,7,0,-0.98,0
aec-cbb-merc-chat-2026-02-05,2026-02-06T02:27:21.929048Z,0,1,RESOLVED,18,18,0,0,-9.54,0
aec-cbb-miaoh-marsh-2026-02-07,2026-02-07T22:59:27.716563Z,1,0,RESOLVED,162,162,0,0,12.15,0
aec-cbb-mich-pur-2026-02-17,2026-02-18T01:45:24.017227Z,1,0,RESOLVED,8,8,0,0,1.464,0
aec-cbb-miss-vand-2026-03-03,2026-03-04T17:00:37.025787Z,0,1,RESOLVED,-1,1,2,-0.55,1,0
aec-cbb-monm-stbr-2026-02-05,2026-02-06T01:58:41.094681Z,1,0,RESOLVED,125,125,0,0,25.19,0
aec-cbb-mphs-ntx-2026-02-12,2026-02-13T04:24:20.823761Z,0,1,RESOLVED,-15,0,15,0,5.55,0
aec-cbb-mphs-uab-2026-02-05,2026-02-06T04:22:46.587300Z,1,0,RESOLVED,115,115,0,0,31.345,0
aec-cbb-murst-sill-2026-02-06,2026-02-07T03:07:17.640234Z,1,0,RESOLVED,108,108,0,0,33.816,0
aec-cbb-nal-lipsc-2026-02-21,2026-02-21T23:48:50.696062Z,0,1,RESOLVED,7,7,0,0,-1.925,0
aec-cbb-narz-idhst-2026-02-05,2026-02-06T03:57:11.170823Z,1,0,RESOLVED,87,87,0,0,27.806,0
aec-cbb-ncar-duke-2026-03-07,2026-03-08T01:39:12.003224Z,0,1,RESOLVED,1,1,0,0,-0.09,0
aec-cbb-ncar-mia-2026-02-10,2026-02-11T02:06:22.223599Z,0,1,RESOLVED,-18,0,18,0,8.186,0
aec-cbb-ncc-norfst-2026-02-07,2026-02-08T00:48:58.516985Z,0,1,RESOLVED,17,17,0,0,-4.815,0
aec-cbb-ncol-webst-2026-02-05,2026-02-06T03:49:08.457267Z,1,0,RESOLVED,12,12,0,0,2.268,0
aec-cbb-nd-smu-2026-02-10,2026-02-11T02:10:26.062264Z,0,1,RESOLVED,8,8,0,0,-0.928,0
aec-cbb-nd-syra-2026-01-31,2026-02-01T01:07:23.494999Z,0,1,RESOLVED,-506,0,506,0,26.538,0
aec-cbb-neom-ndak-2026-02-05,2026-02-06T03:19:02.878425Z,0,1,RESOLVED,18,18,0,0,-9.936,0
aec-cbb-nfl-uwg-2026-02-05,2026-02-06T01:53:56.131258Z,1,0,RESOLVED,69,69,0,0,41.313,0
aec-cbb-niowa-belm-2026-02-12,2026-02-13T04:08:25.825702Z,0,1,RESOLVED,-110,0,110,0,10.23,0
aec-cbb-nmx-sdst-2026-03-13,2026-03-14T06:47:01.986758Z,0,1,RESOLVED,-11,0,11,0,2.09,0
aec-cbb-no-tamu-2026-03-09,2026-03-10T00:23:06.737051Z,0,1,RESOLVED,-2,0,2,0,0.4,0
aec-cbb-nwst-lamar-2026-02-09,2026-02-10T02:02:46.092100Z,1,0,RESOLVED,41,41,0,0,16.318,0
aec-cbb-ohiost-mary-2026-02-05,2026-02-06T03:52:54.715155Z,1,0,RESOLVED,108,108,0,0,8.892,0
aec-cbb-okl-lsu-2026-02-28,2026-03-01T01:01:55.998611Z,1,0,RESOLVED,13,13,0,0,3.25,0
aec-cbb-okst-ucf-2026-03-03,2026-03-04T02:42:32.623012Z,1,0,RESOLVED,1,1,0,0,0.34,0
aec-cbb-pacfc-washst-2026-02-18,2026-02-19T04:17:26.911895Z,0,1,RESOLVED,-5,0,5,0,1.11,0
aec-cbb-pennst-mich-2026-02-05,2026-02-06T01:28:01.060170Z,0,1,RESOLVED,28,28,0,0,-0.98,0
aec-cbb-pepp-port-2026-02-18,2026-02-19T05:06:21.410106Z,1,0,RESOLVED,14,14,0,0,3.758,0
aec-cbb-presb-scup-2026-02-21,2026-02-22T00:07:41.022358Z,0,1,RESOLVED,-10,0,10,0,1.17,0
aec-cbb-prov-seton-2026-02-11,2026-02-12T02:36:00.956324Z,0,1,RESOLVED,19,19,0,0,-9.619,0
aec-cbb-pur-nebr-2026-02-10,2026-02-11T02:23:44.522738Z,1,0,RESOLVED,56,56,0,0,6.44,0
aec-cbb-sc-tx-2026-02-03,2026-02-04T02:14:10.826440Z,0,1,RESOLVED,52,52,0,0,-9.932,0
aec-cbb-sill-illst-2026-02-03,2026-02-04T02:14:30.845638Z,1,0,RESOLVED,96,96,0,0,71.208,0
aec-cbb-soumis-applst-2026-03-07,2026-03-08T01:51:46.724621Z,1,0,RESOLVED,2,2,0,0,0.18,0
aec-cbb-stfpa-mrcy-2026-02-05,2026-02-06T02:15:30.953107Z,0,1,RESOLVED,73,73,0,0,-49.64,0
aec-cbb-stmry-sea-2026-02-18,2026-02-19T04:17:26.301939Z,1,0,RESOLVED,3,3,0,0,1.161,0
aec-cbb-stnh-liub-2026-02-07,2026-02-07T22:50:15.902041Z,0,1,RESOLVED,15,15,0,0,-4.758,0
aec-cbb-stpete-manh-2026-02-05,2026-02-06T02:11:56.287279Z,1,0,RESOLVED,-30,0,30,0,-4.92,0
aec-cbb-tarl-cabap-2026-02-05,2026-02-06T05:06:33.888813Z,0,1,RESOLVED,72,72,0,0,-14.832,0
aec-cbb-tarl-sutah-2026-02-07,2026-02-08T03:18:37.581183Z,1,0,RESOLVED,57,57,0,0,7.247,0
aec-cbb-tenn-uk-2026-02-07,2026-02-08T04:02:34.597723Z,0,1,RESOLVED,230,230,0,0,-199.41,0
aec-cbb-tenst-usi-2026-02-12,2026-02-13T04:24:01.170149Z,1,0,RESOLVED,-20,0,20,0,-9.62,0
aec-cbb-toledo-jmad-2026-02-07,2026-02-07T23:10:03.100932Z,0,1,RESOLVED,-32,0,32,0,7.37,0
aec-cbb-tows-hofst-2026-03-09,2026-03-10T03:16:21.634788Z,0,1,RESOLVED,1,1,0,0,-0.29,0
aec-cbb-txa-abchr-2026-02-12,2026-02-13T04:15:00.684037Z,0,1,RESOLVED,-108,0,108,0,8.856,0
aec-cbb-txa-dxst-2026-02-05,2026-02-06T04:18:19.051960Z,0,1,RESOLVED,51,51,0,0,-34.656,0
aec-cbb-txamc-sfaus-2026-02-09,2026-02-10T02:30:10.649440Z,0,1,RESOLVED,33,33,0,0,-9.801,0
aec-cbb-txs-bcook-2026-02-09,2026-02-10T02:40:40.993336Z,0,1,RESOLVED,56,56,0,0,-49.693,0
aec-cbb-txtech-arzst-2026-02-17,2026-02-18T06:22:51.835847Z,0,1,RESOLVED,-14,0,14,0,6.18,0
aec-cbb-ucirv-calpol-2026-02-12,2026-02-13T05:04:50.880831Z,0,1,RESOLVED,56,56,0,0,-49.168,0
aec-cbb-uconn-stjohn-2026-02-06,2026-02-07T03:20:58.463220Z,0,1,RESOLVED,90,90,0,0,-49.59,0
aec-cbb-ucrvs-csufl-2026-02-05,2026-02-06T05:11:35.148875Z,0,1,RESOLVED,46,46,0,0,-24.886,0
aec-cbb-ucrvs-csunr-2026-02-07,2026-02-07T22:50:36.167366Z,0,1,RESOLVED,-256,0,256,0,6.4,0
aec-cbb-unlv-nevada-2026-01-30,2026-01-31T05:13:10.849495Z,0,1,RESOLVED,-55,0,55,0,5.5,0
aec-cbb-usc-ohiost-2026-02-11,2026-02-12T01:57:16.666996Z,0,1,RESOLVED,-13,0,13,0,3.172,0
aec-cbb-uscb-ucdv-2026-02-05,2026-02-06T04:05:08.479357Z,0,1,RESOLVED,-86,0,86,0,26.608,0
aec-cbb-uscb-ucirv-2026-02-28,2026-03-01T05:46:21.115755Z,0,1,RESOLVED,-11,0,11,0,2.31,0
aec-cbb-uscb-ucrvs-2026-02-12,2026-02-13T05:05:26.006764Z,1,0,RESOLVED,-9,0,9,0,-2.754,0
aec-cbb-usi-eill-2026-02-21,2026-02-21T23:27:35.999437Z,1,0,RESOLVED,17,17,0,0,2.074,0
aec-cbb-utah-wvir-2026-02-18,2026-02-19T04:04:16.448773Z,1,0,RESOLVED,5,5,0,0,0.47,0
aec-cbb-utahv-dxst-2026-02-12,2026-02-13T03:54:40.543268Z,0,1,RESOLVED,-138,0,138,0,3.174,0
aec-cbb-utep-jaxst-2026-02-11,2026-02-12T01:58:05.636696Z,1,0,RESOLVED,15,15,0,0,5.145,0
aec-cbb-utrgv-mcnst-2026-03-10,2026-03-11T04:40:36.008613Z,0,1,RESOLVED,-6,0,6,0,0.6,0
aec-cbb-valp-drake-2026-02-09,2026-02-10T02:36:55.827830Z,1,0,RESOLVED,-33,0,33,0,-24.67,0
aec-cbb-vand-aubrn-2026-02-10,2026-02-11T02:15:27.790854Z,1,0,RESOLVED,13,13,0,0,3.302,0
aec-cbb-vand-fl-2026-03-14,2026-03-14T19:14:12.577038Z,1,0,RESOLVED,17,17,0,0,5.83,0
aec-cbb-vcu-fordm-2026-02-03,2026-02-04T02:12:45.537366Z,1,0,RESOLVED,105,105,0,0,5.565,0
aec-cbb-verm-maine-2026-02-05,2026-02-06T01:14:01.297117Z,0,1,RESOLVED,-221,0,221,0,62.144,0
aec-cbb-vir-flst-2026-02-10,2026-02-11T02:13:07.919512Z,1,0,RESOLVED,-24,0,24,0,-9.816,0
aec-cbb-vtech-clmsn-2026-02-11,2026-02-12T02:02:11.098843Z,1,0,RESOLVED,17,17,0,0,7.225,0
aec-cbb-washst-pepp-2026-02-28,2026-03-01T03:05:40.891161Z,0,1,RESOLVED,-39,0,39,0,5.46,0
aec-cbb-wbd-iupui-2026-02-10,2026-02-11T01:40:22.873793Z,1,0,RESOLVED,-69,0,69,0,-24.882,0
aec-cbb-winth-hpnt-2026-02-21,2026-02-21T23:17:35.977498Z,0,1,RESOLVED,6,6,0,0,-1.92,0
aec-cbb-wvir-cin-2026-02-05,2026-02-06T02:07:52.678933Z,1,0,RESOLVED,41,41,0,0,16.289,0
aec-cbb-xav-stjohn-2026-02-09,2026-02-10T01:56:06.842219Z,0,1,RESOLVED,-57,0,57,0,7.752,0
aec-cbb-yale-howrd-2026-02-09,2026-02-10T02:25:06.134652Z,1,0,RESOLVED,-24,0,24,0,-9.658,0
aec-nba-atl-bos-2026-01-28,2026-01-29T02:51:41.755524Z,1,0,RESOLVED,-15,0,15,0,-9.96,0
aec-nba-bkn-pho-2026-01-27,2026-01-28T04:45:57.765687Z,0,1,RESOLVED,49,49,0,0,-9.8,0
aec-nba-cha-mem-2026-01-28,2026-01-29T03:11:52.743024Z,1,0,RESOLVED,18,18,0,0,8.064,0
aec-nba-cha-por-2026-03-10,2026-03-11T04:31:24.556258Z,1,0,RESOLVED,-7,0,7,0,-4.62,0
aec-nba-chi-ind-2026-01-28,2026-01-29T02:27:43.068741Z,0,1,RESOLVED,18,18,0,0,-9.99,0
aec-nba-chi-mia-2026-02-01,2026-02-02T01:23:57.687641Z,0,1,RESOLVED,-51,0,51,0,1.428,0
aec-nba-chi-tor-2026-02-05,2026-02-06T02:49:17.195596Z,0,1,RESOLVED,27,27,0,0,-4.937,0
aec-nba-cle-lac-2026-02-04,2026-02-05T05:41:24.407999Z,1,0,RESOLVED,125,125,0,0,25.375,0
aec-nba-cle-por-2026-02-01,2026-02-02T04:17:59.769902Z,1,0,RESOLVED,689,689,0,0,44.959,0
aec-nba-den-chi-2026-02-07,2026-02-08T03:30:24.889868Z,1,0,RESOLVED,30,30,0,0,5.189,0
aec-nba-det-den-2026-01-27,2026-01-28T04:21:17.514085Z,1,0,RESOLVED,-53,0,53,0,-9.911,0
aec-nba-det-gs-2026-01-30,2026-01-31T05:55:06.639401Z,1,0,RESOLVED,122,122,0,0,22.814,0
aec-nba-gs-lal-2026-02-07,2026-02-08T04:04:39.004087Z,0,1,RESOLVED,-35,0,35,0,10.49,0
aec-nba-gs-pho-2026-02-05,2026-02-06T05:24:43.734910Z,1,0,RESOLVED,57,57,0,0,32.034,0
aec-nba-gs-uta-2026-01-28,2026-01-29T04:24:03.575717Z,1,0,RESOLVED,34,34,0,0,9.316,0
aec-nba-hou-ind-2026-02-02,2026-02-03T02:33:18.844078Z,1,0,RESOLVED,116,116,0,0,16.124,0
aec-nba-ind-mil-2026-02-06,2026-02-07T03:21:58.468373Z,0,1,RESOLVED,-52,0,52,0,27.092,0
aec-nba-lac-pho-2026-02-01,2026-02-02T03:33:04.589938Z,1,0,RESOLVED,645,645,0,0,24.931,0
aec-nba-lac-sac-2026-02-06,2026-02-07T05:40:03.013296Z,1,0,RESOLVED,40,40,0,0,15.163,0
aec-nba-lal-cle-2026-01-28,2026-01-29T02:28:13.298117Z,0,1,RESOLVED,-16,0,16,0,6.576,0
aec-nba-lal-hou-2026-03-16,2026-03-17T04:03:41.465266Z,1,0,RESOLVED,-11,0,11,0,-7.15,0
aec-nba-lal-ny-2026-02-01,2026-02-02T02:25:53.310504Z,0,1,RESOLVED,-99,0,99,0,27.545,0
aec-nba-lal-pho-2026-02-26,2026-02-27T04:33:12.514975Z,0,1,RESOLVED,-31,0,31,0,6.51,0
aec-nba-mem-por-2026-02-06,2026-02-07T05:18:00.500299Z,0,1,RESOLVED,96,96,0,0,-24.904,0
aec-nba-mia-bos-2026-02-06,2026-02-07T03:05:34.674776Z,0,1,RESOLVED,-37,0,37,0,12.025,0
aec-nba-mia-phi-2026-02-26,2026-02-27T02:23:07.757026Z,0,1,RESOLVED,-25,0,25,0,5.25,0
aec-nba-min-dal-2026-01-28,2026-01-29T03:54:53.761846Z,1,0,RESOLVED,35,35,0,0,10.08,0
aec-nba-min-mem-2026-02-02,2026-02-03T03:15:47.263753Z,0,1,RESOLVED,-706,0,706,0,110.513,0
aec-nba-no-min-2026-02-06,2026-02-07T03:25:29.712455Z,1,0,RESOLVED,-33,0,33,0,-24.915,0
aec-nba-ny-det-2026-02-06,2026-02-07T03:00:06.251851Z,0,1,RESOLVED,71,71,0,0,-24.846,0
aec-nba-ny-tor-2026-01-28,2026-01-29T02:55:29.729397Z,1,0,RESOLVED,-18,0,18,0,-9.702,0
aec-nba-ny-was-2026-02-03,2026-02-04T02:28:28.349462Z,1,0,RESOLVED,313,313,0,0,13.954,0
aec-nba-okc-sa-2026-02-04,2026-02-05T04:55:52.659049Z,0,1,RESOLVED,-210,0,210,0,10.5,0
aec-nba-orl-mia-2026-01-28,2026-01-29T03:05:10.168370Z,1,0,RESOLVED,-17,0,17,0,-9.979,0
aec-nba-orl-sa-2026-02-01,2026-02-02T04:28:55.545571Z,0,1,RESOLVED,-709,0,709,0,20.403,0
aec-nba-phi-gs-2026-02-03,2026-02-04T05:17:55.682120Z,1,0,RESOLVED,366,366,0,0,66.388,0
aec-nba-phi-lac-2026-02-02,2026-02-03T05:33:19.667054Z,1,0,RESOLVED,876,876,0,0,156.173,0
aec-nba-phi-lal-2026-02-05,2026-02-06T05:47:02.244317Z,0,1,RESOLVED,30,30,0,0,-24.93,0
aec-nba-phi-pho-2026-02-07,2026-02-08T04:40:26.593068Z,1,0,RESOLVED,33,33,0,0,8.448,0
aec-nba-pho-bos-2026-03-16,2026-03-17T02:07:32.812008Z,0,1,RESOLVED,17,17,0,0,-9.69,0
aec-nba-pho-por-2026-02-03,2026-02-04T06:37:34.862180Z,1,0,RESOLVED,-274,0,274,0,-198.7,0
aec-nba-por-ny-2026-01-30,2026-01-31T02:54:01.852685Z,0,1,RESOLVED,-427,0,427,0,46.367,0
aec-nba-sa-cha-2026-01-31,2026-01-31T19:37:09.183084Z,0,1,RESOLVED,-130,0,130,0,30.7,0
aec-nba-sa-hou-2026-01-28,2026-01-29T05:02:15.824681Z,1,0,RESOLVED,-17,0,17,0,-9.673,0
aec-nba-sac-was-2026-02-01,2026-02-02T01:26:23.447542Z,0,1,RESOLVED,-377,0,377,0,77.676,0
aec-nba-uta-atl-2026-02-05,2026-02-06T02:57:29.428983Z,0,1,RESOLVED,15,15,0,0,-4.83,0
aec-nba-uta-ind-2026-02-03,2026-02-04T02:16:10.600540Z,1,0,RESOLVED,-55,160,215,-46.934,-32.395,0
aec-nba-uta-tor-2026-02-01,2026-02-02T01:32:45.017100Z,0,1,RESOLVED,-13,0,13,0,3.315,0
aec-nba-was-det-2026-02-05,2026-02-06T02:27:50.371388Z,1,0,RESOLVED,191,729,538,-76.451,41.675,0
aec-nfl-buf-jax-2026-01-11,2026-01-11T21:06:33.785036Z,1,0,RESOLVED,28,46,18,1.341,15.519,0
aec-nfl-gb-chi-2026-01-10,2026-01-11T04:36:13.661289Z,0,1,RESOLVED,-22,0,22,0,11.672,0
aec-nfl-hou-ne-2026-01-18,2026-01-18T23:19:24.116314Z,0,1,RESOLVED,-24,0,24,0,9.288,0
aec-nfl-hou-pit-2026-01-12,2026-01-13T04:14:49.145348Z,1,0,RESOLVED,20,20,0,0,8.02,0
aec-nfl-lac-ne-2026-01-11,2026-01-12T04:05:48.776429Z,0,1,RESOLVED,-12,0,12,0,4.2,0
aec-nfl-lar-car-2026-01-10,2026-01-11T00:49:19.252996Z,1,0,RESOLVED,10,10,0,0,0.5,0
aec-nfl-lar-chi-2026-01-18,2026-01-19T03:13:38.168158Z,1,0,RESOLVED,24,55,31,1.695,9.528,0
aec-nfl-lar-sea-2026-01-25,2026-01-26T02:52:12.965611Z,0,1,RESOLVED,-424,0,424,0,202.95,0
aec-nfl-ne-den-2026-01-25,2026-01-25T23:05:05.345776Z,1,0,RESOLVED,222,222,0,0,62.203,0
aec-nfl-sea-ne-2026-02-08,2026-02-13T10:59:17.234720Z,1,0,RESOLVED,298,596,298,0,0,98.638
aec-nfl-sf-phi-2026-01-11,2026-01-12T00:46:34.514677Z,1,0,RESOLVED,-33,99,132,-7.758,-22.325,0
aec-nhl-car-nyr-2026-02-05,2026-02-06T02:32:00.122805Z,1,0,RESOLVED,-23,0,23,0,-4.853,0
aec-nhl-cgy-ana-2026-03-01,2026-03-02T04:07:31.983490Z,0,1,RESOLVED,-1,0,1,0,0.42,0
aec-nhl-veg-ana-2026-02-01,2026-02-02T05:20:03.326676Z,0,1,RESOLVED,-702,368,1070,-45.434,39.418,0
aec-ufc-alevol-dielop-2026-01-31,2026-02-01T05:00:52.398990Z,1,0,RESOLVED,-11,0,11,0,-4.796,0
aec-ufc-danhoo-bensai-2026-01-31,2026-02-01T04:04:17.710508Z,0,1,RESOLVED,20,20,0,0,-4.84,0
aec-ufc-jammul-quisal-2026-01-31,2026-02-01T02:26:37.387036Z,0,1,RESOLVED,31,31,0,0,-4.96,0
aec-ufc-raffiz-mauruf-2026-01-31,2026-02-01T03:34:12.650870Z,0,1,RESOLVED,-10,0,10,0,5.29,0
aec-ufc-taitui-taltei-2026-01-31,2026-02-01T03:05:32.091303Z,0,1,RESOLVED,15,15,0,0,-4.695,0
caoc-001f30e34fc3ed67,2026-09-17T04:42:04.085706Z,1,0,RESOLVED,39.41,39.41,0,0,14.9758,0
caoc-099cf6abe6e5c19b,2026-09-15T05:03:45.264523Z,0,1,RESOLVED,32.32,32.32,0,0,-9.599,0
caoc-7a37238e49a7f98a,2026-09-15T03:21:28.401342Z,1,0,RESOLVED,28.29,28.29,0,0,0,18.6714
caoc-9863e52deca57c14,2026-09-15T22:53:44.521941Z,1,0,RESOLVED,26.05,26.05,0,0,16.4115,0
caoc-bcea31b677f64eec,2026-09-17T00:11:58.169463Z,1,0,RESOLVED,12.27,12.27,0,0,2.3926,0
caoc-bf587cf5b4d8baba,2026-09-17T02:12:14.596177Z,1,0,RESOLVED,40.82,40.82,0,0,21.4305,0
caoc-d8e086e29ac07bb7,2026-09-16T21:39:27.399083Z,1,0,RESOLVED,40.9,40.9,0,0,21.5134,0
caoc-e27c9ed2e86d361e,2026-09-17T09:18:16.065198Z,0,1,RESOLVED,64.09,64.09,0,0,-14.228,0
